REF_PERSONNE,RAISON_SOCIALE,SECTEUR_GROUP,ACTIVITE_GROUP,RISK_PROFILE,recommended_products,recommendation_count,client_score,client_segment,total_premiums_paid,total_capital_assured,estimated_budget
6958,Societe_000011,COMMERCE_ET_VENTE,COMMERCE_ET_DISTRIBUTION,MEDIUM_RISK,[],0,23.588974512294968,Startup,513.0,12000.0,1000.0
11062,Societe_000744,AUTRES_SECTEURS,AUTRES_ACTIVITES,LOW_RISK,"['INCENDIE RISQUES SIMPLE', 'RC ENTREPRISE DE BATIMENT ET TRAVAUX PUBLIC']",2,27.58619253369804,Startup,2357.175,18800.0,3535.7625000000003
12068,Societe_000012,SERVICES_ET_CONSEIL,SERVICES_ET_CONSEIL,LOW_RISK,"['INCENDIE RISQUES SIMPLE', 'RC ENTREPRISE DE BATIMENT ET TRAVAUX PUBLIC']",2,43.92627559445105,Small Business,7604.18,29500.0,11406.27
12112,Societe_000743,AUTRES_SECTEURS,AUTRES_ACTIVITES,LOW_RISK,"['PERTES D EXPLOITATION APRES  INCENDIE', 'INCENDIE RISQUES SIMPLE']",2,93.2635209764756,Enterprise,4077677.4377,23939218.663,6116516.15655
12122,Societe_000001,SERVICES_ET_CONSEIL,AUTRES_ACTIVITES,LOW_RISK,"['INCENDIE RISQUES SIMPLE', 'RC ENTREPRISE DE BATIMENT ET TRAVAUX PUBLIC']",2,0.1870869272851037,Startup,5106.2975,22100.0,7659.446249999999
12145,Societe_000002,AUTRES_SECTEURS,PRODUCTION_ET_FABRICATION,LOW_RISK,"['INCENDIE RISQUES SIMPLE', 'RC ENTREPRISE DE BATIMENT ET TRAVAUX PUBLIC']",2,19.304050127351974,Startup,1478.5,33000.0,2217.75
12169,societe_000003,AUTRES_SECTEURS,AUTRES_ACTIVITES,LOW_RISK,"['PERTES D EXPLOITATION APRES  INCENDIE', 'MULTIRISQUES PROFESSIONNELLES']",2,34.82249207384817,Small Business,17776.764,603253.16,26665.146
12431,Societe_000004,INDUSTRIE_ET_CONSTRUCTION,AUTRES_ACTIVITES,HIGH_RISK,['BRIS DE MACHINES'],1,29.699960545517254,Startup,20776.881999999998,927000.0,31165.322999999997
12711,Societe_000005,AUTRES_SECTEURS,PRODUCTION_ET_FABRICATION,LOW_RISK,"['INCENDIE RISQUES SIMPLE', 'RC ENTREPRISE DE BATIMENT ET TRAVAUX PUBLIC']",2,29.284960584131195,Startup,4460.378000000001,116000.0,6690.567000000001
13028,Societe_000006,INDUSTRIE_ET_CONSTRUCTION,AUTRES_ACTIVITES,HIGH_RISK,['BRIS DE MACHINES'],1,11.292176329268727,Startup,1288.8000000000002,18000.0,1933.2000000000003
13587,Societe_000007,SERVICES_ET_CONSEIL,AUTRES_ACTIVITES,LOW_RISK,"['INCENDIE RISQUES SIMPLE', 'RC ENTREPRISE DE BATIMENT ET TRAVAUX PUBLIC']",2,29.33708666561178,Startup,21537.555,437000.0,32306.3325
13718,Societe_000008,INDUSTRIE_ET_CONSTRUCTION,AUTRES_ACTIVITES,HIGH_RISK,['BRIS DE MACHINES'],1,28.03450068901571,Startup,2791.94,106000.0,4187.91
14203,Societe_000745,AUTRES_SECTEURS,AUTRES_ACTIVITES,LOW_RISK,"['INCENDIE RISQUES SIMPLE', 'RC ENTREPRISE DE BATIMENT ET TRAVAUX PUBLIC']",2,23.47306043104575,Startup,12438.443,64000.0,18657.6645
14929,Societe_000588,COMMERCE_ET_VENTE,COMMERCE_ET_DISTRIBUTION,MEDIUM_RISK,[],0,36.88948623080869,Small Business,165624.6621,3584209.4,248436.99315
16091,Societe_000013,SANTÉ_ET_SOCIAL,AUTRES_ACTIVITES,LOW_RISK,[],0,15.591902281944346,Startup,69500.055,255000.0,104250.08249999999
16167,Societe_000014,HOTELLERIE_ET_TOURISME,AUTRES_ACTIVITES,LOW_RISK,[],0,0.12202918032107586,Startup,3330.445,36900.0,4995.6675000000005
17104,Societe_000589,INDUSTRIE_ET_CONSTRUCTION,AUTRES_ACTIVITES,HIGH_RISK,['BRIS DE MACHINES'],1,24.69195397363467,Startup,50309.8005,742046.54,75464.70074999999
17177,Societe_000016,INDUSTRIE_ET_CONSTRUCTION,PRODUCTION_ET_FABRICATION,HIGH_RISK,['BRIS DE MACHINES'],1,3.0038513444029333,Startup,6651.64,29200.0,9977.460000000001
18312,Societe_000017,INDUSTRIE_ET_CONSTRUCTION,CONSTRUCTION_ET_BTP,HIGH_RISK,['BRIS DE MACHINES'],1,34.583953146255205,Small Business,26925.643,1120421.0,40388.4645
18424,Societe_000609,TRANSPORTS_ET_LOGISTIQUE,TRANSPORTS_ET_LOGISTIQUE,HIGH_RISK,['BRIS DE MACHINES'],1,32.27644340516893,Small Business,92637.46849999999,1009166.0,138956.20275
20296,Societe_000018,COMMERCE_ET_VENTE,COMMERCE_ET_DISTRIBUTION,MEDIUM_RISK,[],0,17.6500026891781,Startup,4502.6,31800.0,6753.900000000001
20452,Societe_000019,INDUSTRIE_ET_CONSTRUCTION,PRODUCTION_ET_FABRICATION,HIGH_RISK,['BRIS DE MACHINES'],1,0.1314853878549728,Startup,4388.438,15930.0,6582.657
21247,Societe_000020,INDUSTRIE_ET_CONSTRUCTION,PRODUCTION_ET_FABRICATION,HIGH_RISK,['BRIS DE MACHINES'],1,22.508794767926048,Startup,303.1,8000.0,1000.0
21330,Societe_000643,INDUSTRIE_ET_CONSTRUCTION,CONSTRUCTION_ET_BTP,HIGH_RISK,['BRIS DE MACHINES'],1,20.275574365416837,Startup,10468.435,13000.0,15702.6525
21619,Societe_000021,TRANSPORTS_ET_LOGISTIQUE,TRANSPORTS_ET_LOGISTIQUE,HIGH_RISK,['BRIS DE MACHINES'],1,22.63336001428345,Startup,6090.65,85000.0,9135.974999999999
24975,Societe_000022,INDUSTRIE_ET_CONSTRUCTION,AUTRES_ACTIVITES,HIGH_RISK,['BRIS DE MACHINES'],1,0.1417683181321634,Startup,6667.522,52550.0,10001.283
26235,Societe_000023,INDUSTRIE_ET_CONSTRUCTION,PRODUCTION_ET_FABRICATION,HIGH_RISK,['BRIS DE MACHINES'],1,3.2953119477985364,Startup,6532.515,137330.582,9798.772500000001
26461,Societe_000024,INDUSTRIE_ET_CONSTRUCTION,PRODUCTION_ET_FABRICATION,HIGH_RISK,['BRIS DE MACHINES'],1,22.508794767926048,Startup,303.1,8000.0,1000.0
26572,Societe_000025,SERVICES_ET_CONSEIL,AUTRES_ACTIVITES,LOW_RISK,"['INCENDIE RISQUES SIMPLE', 'RC ENTREPRISE DE BATIMENT ET TRAVAUX PUBLIC']",2,18.437945190254567,Startup,3313.1524999999997,43500.0,4969.728749999999
26680,Societe_000026,INDUSTRIE_ET_CONSTRUCTION,AUTRES_ACTIVITES,HIGH_RISK,['BRIS DE MACHINES'],1,25.048101466968724,Startup,9258.152,284600.3,13887.228
27295,Societe_000028,SERVICES_ET_CONSEIL,AUTRES_ACTIVITES,LOW_RISK,"['INCENDIE RISQUES SIMPLE', 'RC ENTREPRISE DE BATIMENT ET TRAVAUX PUBLIC']",2,27.543895187578894,Startup,943.2,40000.0,1414.8000000000002
27684,Societe_000529,AUTRES_SECTEURS,PRODUCTION_ET_FABRICATION,LOW_RISK,"['INCENDIE RISQUES SIMPLE', 'RC ENTREPRISE DE BATIMENT ET TRAVAUX PUBLIC']",2,33.8990516583906,Small Business,18090.864,318721.384,27136.296000000002
27871,Societe_000029,AUTRES_SECTEURS,AUTRES_ACTIVITES,LOW_RISK,"['INCENDIE RISQUES SIMPLE', 'RC ENTREPRISE DE BATIMENT ET TRAVAUX PUBLIC']",2,27.51252873644316,Startup,351.6,8000.0,1000.0
28080,Societe_000030,INDUSTRIE_ET_CONSTRUCTION,AUTRES_ACTIVITES,HIGH_RISK,['BRIS DE MACHINES'],1,22.59454025097884,Startup,1751.0,40000.0,2626.5
28088,Societe_000031,SERVICES_ET_CONSEIL,AUTRES_ACTIVITES,LOW_RISK,"['INCENDIE RISQUES SIMPLE', 'RC ENTREPRISE DE BATIMENT ET TRAVAUX PUBLIC']",2,0.13603523915703974,Startup,3714.31,25500.0,5571.465
29893,Societe_000032,INDUSTRIE_ET_CONSTRUCTION,CONSTRUCTION_ET_BTP,HIGH_RISK,['BRIS DE MACHINES'],1,20.302824688138063,Startup,1077.5,34000.0,1616.25
30029,Societe_000033,AUTRES_SECTEURS,PRODUCTION_ET_FABRICATION,LOW_RISK,"['PERTES D EXPLOITATION APRES  INCENDIE', 'INCENDIE RISQUES SIMPLE']",2,28.552697486537397,Startup,14200.286,1199780.0,21300.429
30702,Societe_000034,COMMERCE_ET_VENTE,COMMERCE_ET_DISTRIBUTION,MEDIUM_RISK,[],0,22.779072878851007,Startup,18539.0,244162.538,27808.5
32301,Societe_000617,SERVICES_ET_CONSEIL,AUTRES_ACTIVITES,LOW_RISK,"['INCENDIE RISQUES SIMPLE', 'RC ENTREPRISE DE BATIMENT ET TRAVAUX PUBLIC']",2,27.542401730997984,Startup,883.2,20000.0,1324.8000000000002
33533,Societe_000047,INDUSTRIE_ET_CONSTRUCTION,AUTRES_ACTIVITES,HIGH_RISK,['BRIS DE MACHINES'],1,22.520919074481796,Startup,144.0,0.0,1000.0
33850,Societe_000048,INDUSTRIE_ET_CONSTRUCTION,PRODUCTION_ET_FABRICATION,HIGH_RISK,['BRIS DE MACHINES'],1,25.07731709766704,Startup,8495.512,104000.0,12743.268
34123,Societe_000049,AGRICULTURE_ET_RESSOURCES,AUTRES_ACTIVITES,MEDIUM_RISK,['INCENDIE RISQUES SIMPLE'],1,27.83807478862786,Startup,16902.11,286776.0,25353.165
35568,Societe_000050,AUTRES_SECTEURS,AUTRES_ACTIVITES,LOW_RISK,"['INCENDIE RISQUES SIMPLE', 'RC ENTREPRISE DE BATIMENT ET TRAVAUX PUBLIC']",2,27.525116034592877,Startup,124.0,0.0,1000.0
35719,Societe_000051,INDUSTRIE_ET_CONSTRUCTION,PRODUCTION_ET_FABRICATION,HIGH_RISK,['BRIS DE MACHINES'],1,27.95318955964964,Startup,815.8,120000.0,1223.6999999999998
37061,Societe_000738,AUTRES_SECTEURS,AUTRES_ACTIVITES,LOW_RISK,"['PERTES D EXPLOITATION APRES  INCENDIE', 'INCENDIE RISQUES SIMPLE']",2,45.97228880399593,Small Business,146330.3906,1594500.0,219495.5859
39619,Societe_000739,INDUSTRIE_ET_CONSTRUCTION,PRODUCTION_ET_FABRICATION,HIGH_RISK,['BRIS DE MACHINES'],1,14.974399725308233,Startup,287848.1583,12014027.641,431772.23745
40678,Societe_000645,INDUSTRIE_ET_CONSTRUCTION,AUTRES_ACTIVITES,HIGH_RISK,['PERTES D EXPLOITATION APRES  INCENDIE'],1,22.848232225459206,Startup,72703.00075,1897839.0,109054.50112500001
40929,Societe_000736,AUTRES_SECTEURS,COMMERCE_ET_DISTRIBUTION,LOW_RISK,"['PERTES D EXPLOITATION APRES  INCENDIE', 'MULTIRISQUES PROFESSIONNELLES']",2,53.43793376390136,SME,159540.37910000002,4256713.286,239310.56865000003
41528,Societe_000035,COMMERCE_ET_VENTE,COMMERCE_ET_DISTRIBUTION,MEDIUM_RISK,[],0,25.06146809101026,Startup,1250.44,28000.0,1875.66
42419,Societe_000036,COMMERCE_ET_VENTE,COMMERCE_ET_DISTRIBUTION,MEDIUM_RISK,[],0,25.040981207757234,Startup,996.24,38000.0,1494.3600000000001
42635,Societe_000037,COMMERCE_ET_VENTE,COMMERCE_ET_DISTRIBUTION,MEDIUM_RISK,[],0,18.873757085551826,Startup,4363.935,78990.0,6545.9025
42948,Societe_000038,AUTRES_SECTEURS,AUTRES_ACTIVITES,LOW_RISK,"['INCENDIE RISQUES SIMPLE', 'RC ENTREPRISE DE BATIMENT ET TRAVAUX PUBLIC']",2,10.314078672091933,Startup,41736.0945,322300.0,62604.141749999995
43249,Societe_000039,SERVICES_ET_CONSEIL,AUTRES_ACTIVITES,LOW_RISK,"['INCENDIE RISQUES SIMPLE', 'RC ENTREPRISE DE BATIMENT ET TRAVAUX PUBLIC']",2,0.632265935512483,Startup,26977.092,92820.3,40465.638
44350,Societe_000041,INDUSTRIE_ET_CONSTRUCTION,AUTRES_ACTIVITES,HIGH_RISK,['BRIS DE MACHINES'],1,22.52332570307743,Startup,781.85,36000.0,1172.775
44849,Societe_000042,COMMERCE_ET_VENTE,COMMERCE_ET_DISTRIBUTION,MEDIUM_RISK,[],0,33.02545454528734,Small Business,15242.1767,629479.7,22863.26505
47143,Societe_000045,INDUSTRIE_ET_CONSTRUCTION,PRODUCTION_ET_FABRICATION,HIGH_RISK,['BRIS DE MACHINES'],1,22.511491223103285,Startup,391.6,15000.0,1000.0
47607,Societe_000046,AUTRES_SECTEURS,AUTRES_ACTIVITES,LOW_RISK,"['INCENDIE RISQUES SIMPLE', 'RC ENTREPRISE DE BATIMENT ET TRAVAUX PUBLIC']",2,27.50141238500486,Startup,45.828,22914.0,1000.0
47836,Societe_000737,COMMERCE_ET_VENTE,COMMERCE_ET_DISTRIBUTION,MEDIUM_RISK,[],0,67.33967153655817,SME,33203.7615,14688987.787,49805.642250000004
48154,Societe_000644,TRANSPORTS_ET_LOGISTIQUE,TRANSPORTS_ET_LOGISTIQUE,HIGH_RISK,['BRIS DE MACHINES'],1,56.84829358828557,SME,657326.8579,9846715.023,985990.2868499999
55035,Societe_000740,TRANSPORTS_ET_LOGISTIQUE,TRANSPORTS_ET_LOGISTIQUE,HIGH_RISK,['BRIS DE MACHINES'],1,65.90652312202324,SME,164828.37900000002,24070078.207,247242.56850000002
55601,Societe_000052,AUTRES_SECTEURS,AUTRES_ACTIVITES,LOW_RISK,"['INCENDIE RISQUES SIMPLE', 'RC ENTREPRISE DE BATIMENT ET TRAVAUX PUBLIC']",2,35.87761786357668,Small Business,9304.81,185000.0,13957.215
56515,Societe_000575,AUTRES_SECTEURS,CONSTRUCTION_ET_BTP,HIGH_RISK,['BRIS DE MACHINES'],1,33.657893783504385,Small Business,92326.2075,2395668.604,138489.31125
61328,Societe_000053,AUTRES_SECTEURS,COMMERCE_ET_DISTRIBUTION,LOW_RISK,['RC ENTREPRISE DE BATIMENT ET TRAVAUX PUBLIC'],1,39.07393043625282,Small Business,3673.83,273150.0,5510.745
62329,Societe_000054,COMMERCE_ET_VENTE,CONSTRUCTION_ET_BTP,HIGH_RISK,['BRIS DE MACHINES'],1,0.28395880511316846,Startup,9460.917,50000.0,14191.375499999998
62472,Societe_000055,AUTRES_SECTEURS,AUTRES_ACTIVITES,LOW_RISK,"['PERTES D EXPLOITATION APRES  INCENDIE', 'MULTIRISQUES PROFESSIONNELLES']",2,30.284387593762524,Small Business,760.0,550000.0,1140.0
62531,Societe_000616,HOTELLERIE_ET_TOURISME,AUTRES_ACTIVITES,LOW_RISK,[],0,0.02677381222615244,Startup,637.315,200000.0,1000.0
62768,Societe_000057,INDUSTRIE_ET_CONSTRUCTION,AUTRES_ACTIVITES,HIGH_RISK,['BRIS DE MACHINES'],1,22.509440218511315,Startup,324.6,8000.0,1000.0
62822,Societe_000584,AUTRES_SECTEURS,TRANSPORTS_ET_LOGISTIQUE,HIGH_RISK,['BRIS DE MACHINES'],1,18.454974052489725,Startup,1786.855,135000.0,2680.2825000000003
63133,Societe_000729,AUTRES_SECTEURS,AUTRES_ACTIVITES,LOW_RISK,['PERTES D EXPLOITATION APRES  INCENDIE'],1,53.933514477428375,SME,53698.96,24865000.0,80548.44
63175,Societe_000730,AUTRES_SECTEURS,AUTRES_ACTIVITES,LOW_RISK,"['PERTES D EXPLOITATION APRES  INCENDIE', 'MULTIRISQUES PROFESSIONNELLES']",2,41.92910358210155,Small Business,8004.7,13455000.0,12007.05
63269,Societe_000058,INDUSTRIE_ET_CONSTRUCTION,AUTRES_ACTIVITES,HIGH_RISK,['BRIS DE MACHINES'],1,17.335299955675577,Startup,300.0,125000.0,1000.0
64933,Societe_000059,AUTRES_SECTEURS,AUTRES_ACTIVITES,LOW_RISK,"['PERTES D EXPLOITATION APRES  INCENDIE', 'INCENDIE RISQUES SIMPLE']",2,40.11409186345652,Small Business,44342.718,1122500.0,66514.077
65516,Societe_000537,AUTRES_SECTEURS,AUTRES_ACTIVITES,LOW_RISK,"['INCENDIE RISQUES SIMPLE', 'RC ENTREPRISE DE BATIMENT ET TRAVAUX PUBLIC']",2,0.08902375770426468,Startup,2194.7,120000.0,3292.0499999999997
65682,Societe_000060,INDUSTRIE_ET_CONSTRUCTION,AUTRES_ACTIVITES,HIGH_RISK,['BRIS DE MACHINES'],1,0.040744171243927915,Startup,1350.0,100000.0,2025.0
66755,Societe_000731,AUTRES_SECTEURS,AUTRES_ACTIVITES,LOW_RISK,"['PERTES D EXPLOITATION APRES  INCENDIE', 'RC ENTREPRISE DE BATIMENT ET TRAVAUX PUBLIC']",2,45.48131011145169,Small Business,158112.22720000002,8944303.295,237168.34080000003
67458,Societe_000067,SERVICES_ET_CONSEIL,AUTRES_ACTIVITES,LOW_RISK,"['INCENDIE RISQUES SIMPLE', 'RC ENTREPRISE DE BATIMENT ET TRAVAUX PUBLIC']",2,0.04240779535537269,Startup,1158.0,50000.0,1737.0
67554,Societe_000068,SERVICES_ET_CONSEIL,AUTRES_ACTIVITES,LOW_RISK,"['INCENDIE RISQUES SIMPLE', 'RC ENTREPRISE DE BATIMENT ET TRAVAUX PUBLIC']",2,0.04381058391175482,Startup,1200.0,30000.0,1800.0
67720,Societe_000734,SERVICES_ET_CONSEIL,SERVICES_ET_CONSEIL,LOW_RISK,"['PERTES D EXPLOITATION APRES  INCENDIE', 'MULTIRISQUES PROFESSIONNELLES']",2,52.1946202054601,SME,722288.7646,59345579.999,1083433.1469
67868,Societe_000062,COMMERCE_ET_VENTE,COMMERCE_ET_DISTRIBUTION,MEDIUM_RISK,[],0,0.0008605138713539589,Startup,36.32,6000.0,1000.0
67873,Societe_000064,COMMERCE_ET_VENTE,COMMERCE_ET_DISTRIBUTION,MEDIUM_RISK,[],0,25.000860513871356,Startup,36.32,6000.0,1000.0
67877,Societe_000065,AUTRES_SECTEURS,COMMERCE_ET_DISTRIBUTION,LOW_RISK,"['INCENDIE RISQUES SIMPLE', 'RC ENTREPRISE DE BATIMENT ET TRAVAUX PUBLIC']",2,27.50103416936991,Startup,37.2,14000.0,1000.0
68257,Societe_000536,TRANSPORTS_ET_LOGISTIQUE,AUTRES_ACTIVITES,HIGH_RISK,['BRIS DE MACHINES'],1,44.45672600408683,Small Business,381217.55220000003,5983488.6,571826.3283
68294,Societe_000543,INDUSTRIE_ET_CONSTRUCTION,AUTRES_ACTIVITES,HIGH_RISK,['BRIS DE MACHINES'],1,18.571230234952388,Startup,58337.1984,6219820.5,87505.7976
68390,Societe_000732,AUTRES_SECTEURS,AUTRES_ACTIVITES,LOW_RISK,"['PERTES D EXPLOITATION APRES  INCENDIE', 'MULTIRISQUES PROFESSIONNELLES']",2,33.65677553678386,Small Business,86314.17,60876000.0,129471.255
69397,Societe_000733,AUTRES_SECTEURS,AUTRES_ACTIVITES,LOW_RISK,"['INCENDIE RISQUES SIMPLE', 'RC ENTREPRISE DE BATIMENT ET TRAVAUX PUBLIC']",2,43.694185285724146,Small Business,1275.0,50000.0,1912.5
69412,Societe_000069,AUTRES_SECTEURS,AUTRES_ACTIVITES,LOW_RISK,['INCENDIE RISQUES SIMPLE'],1,0.09163984204132351,Startup,2250.0,170500.0,3375.0
70303,Societe_000070,AUTRES_SECTEURS,AUTRES_ACTIVITES,LOW_RISK,"['INCENDIE RISQUES SIMPLE', 'RC ENTREPRISE DE BATIMENT ET TRAVAUX PUBLIC']",2,21.379282679549448,Startup,5040.0,175000.0,7560.0
71590,Societe_000071,AUTRES_SECTEURS,AUTRES_ACTIVITES,LOW_RISK,"['INCENDIE RISQUES SIMPLE', 'RC ENTREPRISE DE BATIMENT ET TRAVAUX PUBLIC']",2,16.938533836157884,Startup,12425.452,239000.0,18638.178
71775,Societe_000544,AUTRES_SECTEURS,COMMERCE_ET_DISTRIBUTION,LOW_RISK,"['INCENDIE RISQUES SIMPLE', 'RC ENTREPRISE DE BATIMENT ET TRAVAUX PUBLIC']",2,24.500241665159162,Startup,2793.321,100000.0,4189.9815
71860,Societe_000072,INDUSTRIE_ET_CONSTRUCTION,AUTRES_ACTIVITES,HIGH_RISK,['BRIS DE MACHINES'],1,30.494334674096773,Small Business,1350.341,1100401.05,2025.5114999999998
72502,Societe_000073,INDUSTRIE_ET_CONSTRUCTION,PRODUCTION_ET_FABRICATION,HIGH_RISK,['BRIS DE MACHINES'],1,0.5432406093232363,Startup,16313.6,787500.0,24470.4
73417,Societe_000074,AUTRES_SECTEURS,AUTRES_ACTIVITES,LOW_RISK,"['INCENDIE RISQUES SIMPLE', 'RC ENTREPRISE DE BATIMENT ET TRAVAUX PUBLIC']",2,0.015930204838011525,Startup,436.388,50000.0,1000.0
73517,Societe_000075,TRANSPORTS_ET_LOGISTIQUE,CONSTRUCTION_ET_BTP,HIGH_RISK,['BRIS DE MACHINES'],1,0.9742450304982627,Startup,26509.515,2895365.399,39764.2725
73775,Societe_000076,AUTRES_SECTEURS,AUTRES_ACTIVITES,LOW_RISK,"['PERTES D EXPLOITATION APRES  INCENDIE', 'INCENDIE RISQUES SIMPLE']",2,30.21900196870639,Small Business,196185.98825,11921000.0,294278.982375
73777,Societe_000078,AUTRES_SECTEURS,AUTRES_ACTIVITES,LOW_RISK,"['INCENDIE RISQUES SIMPLE', 'RC ENTREPRISE DE BATIMENT ET TRAVAUX PUBLIC']",2,23.608640966100683,Startup,9327.34,95000.0,13991.01
73780,Societe_000726,AUTRES_SECTEURS,AUTRES_ACTIVITES,LOW_RISK,"['INCENDIE RISQUES SIMPLE', 'RC ENTREPRISE DE BATIMENT ET TRAVAUX PUBLIC']",2,0.4544980768487525,Startup,12387.3595,58600.001,18581.03925
74370,Societe_000081,AUTRES_SECTEURS,AUTRES_ACTIVITES,LOW_RISK,"['PERTES D EXPLOITATION APRES  INCENDIE', 'MULTIRISQUES PROFESSIONNELLES']",2,0.04753285305762674,Startup,1085.688,550000.0,1628.5320000000002
74818,Societe_000646,COMMERCE_ET_VENTE,AUTRES_ACTIVITES,MEDIUM_RISK,[],0,27.441619783971266,Startup,56274.644,1315000.0,84411.966
77413,Societe_000083,AUTRES_SECTEURS,AUTRES_ACTIVITES,LOW_RISK,['INCENDIE RISQUES SIMPLE'],1,30.343882288593363,Small Business,2300.0,200000.0,3450.0
77718,Societe_000546,AUTRES_SECTEURS,COMMERCE_ET_DISTRIBUTION,LOW_RISK,"['PERTES D EXPLOITATION APRES  INCENDIE', 'RC ENTREPRISE DE BATIMENT ET TRAVAUX PUBLIC']",2,1.6037216918545025,Startup,3818.0099999999998,543157.0,5727.014999999999
77844,Societe_000534,SANTÉ_ET_SOCIAL,AUTRES_ACTIVITES,LOW_RISK,[],0,39.46693223232842,Small Business,21597.4704,115980.0,32396.205599999998
88874,Societe_000610,AUTRES_SECTEURS,PRODUCTION_ET_FABRICATION,LOW_RISK,"['INCENDIE RISQUES SIMPLE', 'RC ENTREPRISE DE BATIMENT ET TRAVAUX PUBLIC']",2,20.732972819667253,Startup,2571.95,32000.0,3857.9249999999997
89735,Societe_000727,SERVICES_ET_CONSEIL,SERVICES_ET_CONSEIL,LOW_RISK,"['INCENDIE RISQUES SIMPLE', 'RC ENTREPRISE DE BATIMENT ET TRAVAUX PUBLIC']",2,18.431569957174375,Startup,2938.7,90000.0,4408.049999999999
89836,Societe_000533,SERVICES_ET_CONSEIL,AUTRES_ACTIVITES,LOW_RISK,"['PERTES D EXPLOITATION APRES  INCENDIE', 'MULTIRISQUES PROFESSIONNELLES']",2,36.841678686173815,Small Business,124680.179,1431983.0659999999,187020.2685
90158,Societe_000545,HOTELLERIE_ET_TOURISME,AUTRES_ACTIVITES,LOW_RISK,['PERTES D EXPLOITATION APRES  INCENDIE'],1,10.566779298166397,Startup,22846.4,23480000.0,34269.600000000006
90353,Societe_000086,AUTRES_SECTEURS,AUTRES_ACTIVITES,LOW_RISK,"['INCENDIE RISQUES SIMPLE', 'RC ENTREPRISE DE BATIMENT ET TRAVAUX PUBLIC']",2,19.305036911667425,Startup,1502.19,50000.0,2253.285
90377,Societe_000728,AUTRES_SECTEURS,COMMERCE_ET_DISTRIBUTION,LOW_RISK,"['INCENDIE RISQUES SIMPLE', 'RC ENTREPRISE DE BATIMENT ET TRAVAUX PUBLIC']",2,21.59671543258998,Startup,10412.056,255000.0,15618.084
90425,Societe_000087,HOTELLERIE_ET_TOURISME,AUTRES_ACTIVITES,LOW_RISK,[],0,26.978220257314778,Startup,3476.5,150000.0,5214.75
90993,Societe_000647,HOTELLERIE_ET_TOURISME,AUTRES_ACTIVITES,LOW_RISK,['PERTES D EXPLOITATION APRES  INCENDIE'],1,30.33181247388957,Small Business,23648.0,1700000.0,35472.0
91080,Societe_000746,AUTRES_SECTEURS,CONSTRUCTION_ET_BTP,HIGH_RISK,['PERTES D EXPLOITATION APRES  INCENDIE'],1,58.94183752486864,SME,1297896.7396500001,98373938.59,1946845.1094750003
91783,Societe_000088,AUTRES_SECTEURS,PRODUCTION_ET_FABRICATION,LOW_RISK,"['INCENDIE RISQUES SIMPLE', 'RC ENTREPRISE DE BATIMENT ET TRAVAUX PUBLIC']",2,0.12727596698024543,Startup,4003.2,430000.0,6004.799999999999
93893,Societe_000579,INDUSTRIE_ET_CONSTRUCTION,AUTRES_ACTIVITES,HIGH_RISK,['BRIS DE MACHINES'],1,28.266138562018046,Startup,182627.6522,4729123.0,273941.4783
96048,Societe_000093,COMMERCE_ET_VENTE,COMMERCE_ET_DISTRIBUTION,MEDIUM_RISK,[],0,0.1899761297640904,Startup,8248.089,52900.3,12372.1335
97095,Societe_000587,INDUSTRIE_ET_CONSTRUCTION,AUTRES_ACTIVITES,HIGH_RISK,['BRIS DE MACHINES'],1,33.3295331763687,Small Business,16881.029000000002,6571352.602999999,25321.543500000003
98358,Societe_000091,AUTRES_SECTEURS,COMMERCE_ET_DISTRIBUTION,LOW_RISK,"['PERTES D EXPLOITATION APRES  INCENDIE', 'MULTIRISQUES PROFESSIONNELLES']",2,37.27552945167701,Small Business,1459.004,1309003.761,2188.506
99601,Societe_000094,AUTRES_SECTEURS,AUTRES_ACTIVITES,LOW_RISK,"['PERTES D EXPLOITATION APRES  INCENDIE', 'MULTIRISQUES PROFESSIONNELLES']",2,0.07636356360761898,Startup,1800.0,550000.0,2700.0
99901,Societe_000723,AUTRES_SECTEURS,PRODUCTION_ET_FABRICATION,LOW_RISK,"['PERTES D EXPLOITATION APRES  INCENDIE', 'INCENDIE RISQUES SIMPLE']",2,42.81288143615471,Small Business,239517.5171,1899180.0,359276.27564999997
100843,Societe_000096,INDUSTRIE_ET_CONSTRUCTION,CONSTRUCTION_ET_BTP,HIGH_RISK,['BRIS DE MACHINES'],1,0.4637474180325426,Startup,15446.10855,68990.3,23169.162825
101372,Societe_000531,COMMERCE_ET_VENTE,COMMERCE_ET_DISTRIBUTION,MEDIUM_RISK,[],0,11.418867060481329,Startup,46553.091,2839707.9960000003,69829.6365
103100,Societe_000724,SERVICES_ET_CONSEIL,AUTRES_ACTIVITES,LOW_RISK,['PERTES D EXPLOITATION APRES  INCENDIE'],1,28.68678447676454,Startup,48328.558,8605436.0,72492.837
103147,Societe_000097,TRANSPORTS_ET_LOGISTIQUE,SERVICES_ET_CONSEIL,HIGH_RISK,['BRIS DE MACHINES'],1,19.45229033330708,Startup,68119.7319,1622287.387,102179.59784999999
103797,Societe_000629,INDUSTRIE_ET_CONSTRUCTION,CONSTRUCTION_ET_BTP,HIGH_RISK,['BRIS DE MACHINES'],1,15.928341479140922,Startup,5946.566,30000.0,8919.849
105430,Societe_000098,AUTRES_SECTEURS,AUTRES_ACTIVITES,LOW_RISK,"['INCENDIE RISQUES SIMPLE', 'RC ENTREPRISE DE BATIMENT ET TRAVAUX PUBLIC']",2,11.657928836730276,Startup,10005.931,183850.701,15008.8965
107750,Societe_000099,COMMERCE_ET_VENTE,COMMERCE_ET_DISTRIBUTION,MEDIUM_RISK,[],0,16.63702445086093,Startup,411936.27155000006,3543218.417,617904.407325
112009,Societe_000100,SERVICES_ET_CONSEIL,SERVICES_ET_CONSEIL,LOW_RISK,"['INCENDIE RISQUES SIMPLE', 'RC ENTREPRISE DE BATIMENT ET TRAVAUX PUBLIC']",2,29.29830117873812,Startup,8641.939999999999,53000.0,12962.909999999998
112185,Societe_000101,TRANSPORTS_ET_LOGISTIQUE,TRANSPORTS_ET_LOGISTIQUE,HIGH_RISK,['BRIS DE MACHINES'],1,0.12701994478257958,Startup,4237.6266,26900.0,6356.439899999999
113532,Societe_000102,COMMERCE_ET_VENTE,AUTRES_ACTIVITES,MEDIUM_RISK,[],0,26.256372145864496,Startup,619.9,10000.0,1000.0
113726,Societe_000103,AUTRES_SECTEURS,PRODUCTION_ET_FABRICATION,LOW_RISK,"['INCENDIE RISQUES SIMPLE', 'RC ENTREPRISE DE BATIMENT ET TRAVAUX PUBLIC']",2,22.148018213205518,Startup,4038.508,63680.0,6057.762
113972,Societe_000713,AGRICULTURE_ET_RESSOURCES,AUTRES_ACTIVITES,MEDIUM_RISK,['PERTES D EXPLOITATION APRES  INCENDIE'],1,33.72934692569879,Small Business,38105.0,5190000.0,57157.5
134974,Societe_000105,SERVICES_ET_CONSEIL,AUTRES_ACTIVITES,LOW_RISK,"['INCENDIE RISQUES SIMPLE', 'RC ENTREPRISE DE BATIMENT ET TRAVAUX PUBLIC']",2,0.10815533067100631,Startup,3780.971,63980.0,5671.4565
136371,Societe_000106,TRANSPORTS_ET_LOGISTIQUE,TRANSPORTS_ET_LOGISTIQUE,HIGH_RISK,['BRIS DE MACHINES'],1,22.738575471640207,Startup,16671.582,520000.0,25007.373
137357,Societe_000111,INDUSTRIE_ET_CONSTRUCTION,AUTRES_ACTIVITES,HIGH_RISK,['BRIS DE MACHINES'],1,22.50791815596838,Startup,273.9,8000.0,1000.0
140152,Societe_000712,INDUSTRIE_ET_CONSTRUCTION,PRODUCTION_ET_FABRICATION,HIGH_RISK,['BRIS DE MACHINES'],1,13.130071249965559,Startup,57553.3225,509826.645,86329.98375
249284,Societe_000107,INDUSTRIE_ET_CONSTRUCTION,AUTRES_ACTIVITES,HIGH_RISK,['BRIS DE MACHINES'],1,21.440260410037936,Startup,16393.635,840000.0,24590.4525
250773,Societe_000109,SERVICES_ET_CONSEIL,SERVICES_ET_CONSEIL,LOW_RISK,"['INCENDIE RISQUES SIMPLE', 'RC ENTREPRISE DE BATIMENT ET TRAVAUX PUBLIC']",2,0.09444403040780634,Startup,2579.1982,33979.85,3868.7972999999997
252443,Societe_000110,INDUSTRIE_ET_CONSTRUCTION,PRODUCTION_ET_FABRICATION,HIGH_RISK,['BRIS DE MACHINES'],1,15.818791209205354,Startup,2729.6440000000002,16000.0,4094.4660000000003
287637,Societe_000714,TRANSPORTS_ET_LOGISTIQUE,AUTRES_ACTIVITES,HIGH_RISK,['BRIS DE MACHINES'],1,27.40570885627774,Startup,1632.875,1535000.0,2449.3125
287911,Societe_000112,SERVICES_ET_CONSEIL,PRODUCTION_ET_FABRICATION,LOW_RISK,"['INCENDIE RISQUES SIMPLE', 'RC ENTREPRISE DE BATIMENT ET TRAVAUX PUBLIC']",2,28.099718027893438,Startup,2490.171,176000.0,3735.2564999999995
290270,Societe_000626,SANTÉ_ET_SOCIAL,AUTRES_ACTIVITES,LOW_RISK,[],0,7.3947104279529245,Startup,31884.458,184379.0,47826.687
294725,Societe_000547,AGRICULTURE_ET_RESSOURCES,AUTRES_ACTIVITES,MEDIUM_RISK,['PERTES D EXPLOITATION APRES  INCENDIE'],1,43.0706098184812,Small Business,18320.92,8253218.968,27481.379999999997
305243,Societe_000113,AUTRES_SECTEURS,AUTRES_ACTIVITES,LOW_RISK,"['INCENDIE RISQUES SIMPLE', 'RC ENTREPRISE DE BATIMENT ET TRAVAUX PUBLIC']",2,12.777776791522523,Startup,27550.795700000002,138134.0,41326.19355
308691,Societe_000114,AUTRES_SECTEURS,AUTRES_ACTIVITES,LOW_RISK,"['INCENDIE RISQUES SIMPLE', 'RC ENTREPRISE DE BATIMENT ET TRAVAUX PUBLIC']",2,7.321118931961669,Startup,10787.059500000001,133160.0,16180.58925
309977,Societe_000115,INDUSTRIE_ET_CONSTRUCTION,CONSTRUCTION_ET_BTP,HIGH_RISK,['BRIS DE MACHINES'],1,22.669263849280217,Startup,3964.526,73000.0,5946.789
310301,Societe_000116,AUTRES_SECTEURS,AUTRES_ACTIVITES,LOW_RISK,"['INCENDIE RISQUES SIMPLE', 'RC ENTREPRISE DE BATIMENT ET TRAVAUX PUBLIC']",2,0.015301279215881475,Startup,425.108,18900.0,1000.0
312619,Societe_000120,HOTELLERIE_ET_TOURISME,AUTRES_ACTIVITES,LOW_RISK,[],0,0.08129495515664287,Startup,2224.414,15000.0,3336.621
313007,Societe_000648,AUTRES_SECTEURS,AUTRES_ACTIVITES,LOW_RISK,['INCENDIE RISQUES SIMPLE'],1,23.89533318469923,Startup,7282.8408,190900.0,10924.2612
313464,Societe_000125,SERVICES_ET_CONSEIL,SERVICES_ET_CONSEIL,LOW_RISK,"['INCENDIE RISQUES SIMPLE', 'RC ENTREPRISE DE BATIMENT ET TRAVAUX PUBLIC']",2,31.84454347370319,Small Business,757.2,393900.0,1135.8000000000002
314304,Societe_000126,INDUSTRIE_ET_CONSTRUCTION,AUTRES_ACTIVITES,HIGH_RISK,['BRIS DE MACHINES'],1,22.536876067830487,Startup,1238.113,10000.0,1857.1695
315292,Societe_000625,TRANSPORTS_ET_LOGISTIQUE,TRANSPORTS_ET_LOGISTIQUE,HIGH_RISK,['BRIS DE MACHINES'],1,27.63112016544087,Startup,171264.587,260000.0,256896.8805
315625,Societe_000121,AUTRES_SECTEURS,PRODUCTION_ET_FABRICATION,LOW_RISK,"['INCENDIE RISQUES SIMPLE', 'RC ENTREPRISE DE BATIMENT ET TRAVAUX PUBLIC']",2,23.44837418295022,Startup,61028.20480000001,62000.0,91542.30720000001
319347,Societe_000123,COMMERCE_ET_VENTE,COMMERCE_ET_DISTRIBUTION,MEDIUM_RISK,[],0,10.12671558579044,Startup,6465.072,61750.4,9697.608
319737,Societe_000124,COMMERCE_ET_VENTE,COMMERCE_ET_DISTRIBUTION,MEDIUM_RISK,[],0,0.19313105093788122,Startup,5796.4333,27100.0,8694.649949999999
322438,Societe_000527,INDUSTRIE_ET_CONSTRUCTION,AUTRES_ACTIVITES,HIGH_RISK,['BRIS DE MACHINES'],1,4.9455561816291125,Startup,48563.3111,324420.401,72844.96665
324634,Societe_000127,SERVICES_ET_CONSEIL,AUTRES_ACTIVITES,LOW_RISK,"['INCENDIE RISQUES SIMPLE', 'RC ENTREPRISE DE BATIMENT ET TRAVAUX PUBLIC']",2,19.30160335291439,Startup,1281.417,50000.0,1922.1254999999999
324939,Societe_000715,AUTRES_SECTEURS,AUTRES_ACTIVITES,LOW_RISK,"['INCENDIE RISQUES SIMPLE', 'RC ENTREPRISE DE BATIMENT ET TRAVAUX PUBLIC']",2,8.275567757699976,Startup,144.0,0.0,1000.0
327314,Societe_000128,INDUSTRIE_ET_CONSTRUCTION,CONSTRUCTION_ET_BTP,HIGH_RISK,['BRIS DE MACHINES'],1,24.100263987893346,Startup,15836.626,15786058.0,23754.939
331189,Societe_000129,TRANSPORTS_ET_LOGISTIQUE,TRANSPORTS_ET_LOGISTIQUE,HIGH_RISK,['BRIS DE MACHINES'],1,1.218241875876932,Startup,5343.078,49700.0,8014.617
331363,Societe_000716,AUTRES_SECTEURS,AUTRES_ACTIVITES,LOW_RISK,['PERTES D EXPLOITATION APRES  INCENDIE'],1,87.68766368022054,Enterprise,2244496.545,2778340982.115,3366744.8175
334675,Societe_000572,INDUSTRIE_ET_CONSTRUCTION,CONSTRUCTION_ET_BTP,HIGH_RISK,['BRIS DE MACHINES'],1,35.209627897509876,Small Business,13254.766,1472510.678,19882.148999999998
342388,Societe_000132,HOTELLERIE_ET_TOURISME,AUTRES_ACTIVITES,LOW_RISK,[],0,0.2674904637674418,Startup,7289.5628,64700.001,10934.3442
344999,Societe_000717,AUTRES_SECTEURS,AUTRES_ACTIVITES,LOW_RISK,"['PERTES D EXPLOITATION APRES  INCENDIE', 'INCENDIE RISQUES SIMPLE']",2,40.61488136670766,Small Business,38792.4833,720160.5,58188.72495
346150,Societe_000548,INDUSTRIE_ET_CONSTRUCTION,CONSTRUCTION_ET_BTP,HIGH_RISK,['BRIS DE MACHINES'],1,15.567594971185002,Startup,10211.2544,132960.0,15316.8816
359070,Societe_000134,SANTÉ_ET_SOCIAL,AUTRES_ACTIVITES,LOW_RISK,[],0,7.5490250202207685,Startup,22617.086,271353.5,33925.629
359119,Societe_000135,INDUSTRIE_ET_CONSTRUCTION,PRODUCTION_ET_FABRICATION,HIGH_RISK,['BRIS DE MACHINES'],1,0.07005714648319483,Startup,2339.608,30000.0,3509.4120000000003
360823,Societe_000136,SERVICES_ET_CONSEIL,AUTRES_ACTIVITES,LOW_RISK,['PERTES D EXPLOITATION APRES  INCENDIE'],1,12.350325050844242,Startup,150724.4634,8095026.0,226086.6951
363539,Societe_000137,INDUSTRIE_ET_CONSTRUCTION,AUTRES_ACTIVITES,HIGH_RISK,['BRIS DE MACHINES'],1,0.13670556605877848,Startup,4553.526,62610.0,6830.289
364973,Societe_000719,AUTRES_SECTEURS,PRODUCTION_ET_FABRICATION,LOW_RISK,"['PERTES D EXPLOITATION APRES  INCENDIE', 'INCENDIE RISQUES SIMPLE']",2,2.0459869065161906,Startup,70948.782,11601000.0,106423.17300000001
365213,Societe_000138,AUTRES_SECTEURS,COMMERCE_ET_DISTRIBUTION,LOW_RISK,"['INCENDIE RISQUES SIMPLE', 'RC ENTREPRISE DE BATIMENT ET TRAVAUX PUBLIC']",2,0.042917706472277946,Startup,1027.31,253000.0,1540.965
366202,Societe_000606,AUTRES_SECTEURS,SERVICES_ET_CONSEIL,LOW_RISK,"['PERTES D EXPLOITATION APRES  INCENDIE', 'INCENDIE RISQUES SIMPLE']",2,12.024042407645268,Startup,54008.826199999996,679900.4990000001,81013.23929999999
369355,Societe_000718,INDUSTRIE_ET_CONSTRUCTION,AUTRES_ACTIVITES,HIGH_RISK,['BRIS DE MACHINES'],1,16.64926820889371,Startup,35822.5474,440670.0,53733.8211
369768,Societe_000139,INDUSTRIE_ET_CONSTRUCTION,PRODUCTION_ET_FABRICATION,HIGH_RISK,['BRIS DE MACHINES'],1,0.5036229918036205,Startup,16771.7302,82980.0,25157.5953
372961,Societe_000144,AUTRES_SECTEURS,AUTRES_ACTIVITES,LOW_RISK,['INCENDIE RISQUES SIMPLE'],1,30.26063353094283,Small Business,228.0,250000.0,1000.0
373313,Societe_000568,HOTELLERIE_ET_TOURISME,AUTRES_ACTIVITES,LOW_RISK,['PERTES D EXPLOITATION APRES  INCENDIE'],1,1.1390547496665713,Startup,25445.7,2311000.0,38168.55
373784,Societe_000503,AUTRES_SECTEURS,SERVICES_ET_CONSEIL,LOW_RISK,"['PERTES D EXPLOITATION APRES  INCENDIE', 'INCENDIE RISQUES SIMPLE']",2,28.20808757059606,Startup,47912.350000000006,3505000.0,71868.52500000001
374783,Societe_000525,TRANSPORTS_ET_LOGISTIQUE,AUTRES_ACTIVITES,HIGH_RISK,['BRIS DE MACHINES'],1,11.967805283044315,Startup,6636.625,250000.0,9954.9375
375944,Societe_000502,SERVICES_ET_CONSEIL,AUTRES_ACTIVITES,LOW_RISK,"['INCENDIE RISQUES SIMPLE', 'RC ENTREPRISE DE BATIMENT ET TRAVAUX PUBLIC']",2,0.25108739032756033,Startup,6847.9306,35980.0,10271.8959
376702,Societe_000150,AUTRES_SECTEURS,AUTRES_ACTIVITES,LOW_RISK,['INCENDIE RISQUES SIMPLE'],1,27.502853516078265,Startup,80.0,50000.0,1000.0
377597,Societe_000526,TRANSPORTS_ET_LOGISTIQUE,TRANSPORTS_ET_LOGISTIQUE,HIGH_RISK,['BRIS DE MACHINES'],1,17.809980793019164,Startup,22740.3125,239400.6,34110.46875
377975,Societe_000720,INDUSTRIE_ET_CONSTRUCTION,AUTRES_ACTIVITES,HIGH_RISK,['BRIS DE MACHINES'],1,14.363036637569431,Startup,12543.8438,82200.0,18815.7657
379822,Societe_000722,AUTRES_SECTEURS,AUTRES_ACTIVITES,LOW_RISK,"['PERTES D EXPLOITATION APRES  INCENDIE', 'INCENDIE RISQUES SIMPLE']",2,51.268109116289835,SME,1204605.0,900000.0,1806907.5
379966,Societe_000650,AUTRES_SECTEURS,AUTRES_ACTIVITES,LOW_RISK,"['PERTES D EXPLOITATION APRES  INCENDIE', 'INCENDIE RISQUES SIMPLE']",2,30.79491337637285,Small Business,33981.0,2680000.0,50971.5
382836,Societe_000574,SERVICES_ET_CONSEIL,AUTRES_ACTIVITES,LOW_RISK,"['INCENDIE RISQUES SIMPLE', 'RC ENTREPRISE DE BATIMENT ET TRAVAUX PUBLIC']",2,44.46263603036574,Small Business,22215.6862,62900.0,33323.5293
395669,Societe_000591,COMMERCE_ET_VENTE,COMMERCE_ET_DISTRIBUTION,MEDIUM_RISK,[],0,20.989921554240798,Startup,70196.1304,2746640.0,105294.19559999999
395689,Societe_000705,AUTRES_SECTEURS,AUTRES_ACTIVITES,LOW_RISK,['RC ENTREPRISE DE BATIMENT ET TRAVAUX PUBLIC'],1,15.018537128976426,Startup,31335.2924,468991.25800000003,47002.938599999994
396349,Societe_000501,HOTELLERIE_ET_TOURISME,AUTRES_ACTIVITES,LOW_RISK,['PERTES D EXPLOITATION APRES  INCENDIE'],1,54.15252981533805,SME,224639.67239999998,2070615.0,336959.50859999994
397426,Societe_000152,SERVICES_ET_CONSEIL,AUTRES_ACTIVITES,LOW_RISK,"['INCENDIE RISQUES SIMPLE', 'RC ENTREPRISE DE BATIMENT ET TRAVAUX PUBLIC']",2,33.108809976074745,Small Business,12918.664,50000.0,19377.996
398466,Societe_000505,COMMERCE_ET_VENTE,COMMERCE_ET_DISTRIBUTION,MEDIUM_RISK,[],0,0.1388793984174159,Startup,5754.0207,70980.0,8631.03105
399229,Societe_000154,AUTRES_SECTEURS,AUTRES_ACTIVITES,LOW_RISK,"['PERTES D EXPLOITATION APRES  INCENDIE', 'MULTIRISQUES PROFESSIONNELLES']",2,0.07959248436493425,Startup,1880.0,550000.0,2820.0
399381,Societe_000706,AUTRES_SECTEURS,AUTRES_ACTIVITES,LOW_RISK,"['PERTES D EXPLOITATION APRES  INCENDIE', 'INCENDIE RISQUES SIMPLE']",2,13.85337591257786,Startup,79793.541,13730153.123,119690.3115
399745,Societe_000592,INDUSTRIE_ET_CONSTRUCTION,PRODUCTION_ET_FABRICATION,HIGH_RISK,['BRIS DE MACHINES'],1,27.97795385940172,Startup,107341.213,23200000.0,161011.8195
399855,Societe_000157,COMMERCE_ET_VENTE,COMMERCE_ET_DISTRIBUTION,MEDIUM_RISK,[],0,0.10258829155777627,Startup,2670.0,730000.0,4005.0
403038,Societe_000156,AUTRES_SECTEURS,AUTRES_ACTIVITES,LOW_RISK,['PERTES D EXPLOITATION APRES  INCENDIE'],1,34.39276273406731,Small Business,7074.67,555374.0,10612.005000000001
406220,Societe_000622,INDUSTRIE_ET_CONSTRUCTION,PRODUCTION_ET_FABRICATION,HIGH_RISK,['BRIS DE MACHINES'],1,12.706228422610764,Startup,231023.987,11230000.0,346535.9805
406724,Societe_000649,AUTRES_SECTEURS,AUTRES_ACTIVITES,LOW_RISK,"['INCENDIE RISQUES SIMPLE', 'RC ENTREPRISE DE BATIMENT ET TRAVAUX PUBLIC']",2,35.21520570728101,Small Business,829091.2852,366980.0,1243636.9278000002
410135,Societe_000159,COMMERCE_ET_VENTE,COMMERCE_ET_DISTRIBUTION,MEDIUM_RISK,[],0,25.0398217359244,Startup,942.22,30000.0,1413.33
412125,Societe_000161,SERVICES_ET_CONSEIL,SERVICES_ET_CONSEIL,LOW_RISK,"['INCENDIE RISQUES SIMPLE', 'RC ENTREPRISE DE BATIMENT ET TRAVAUX PUBLIC']",2,26.92420712452066,Startup,2110.0,300000.0,3165.0
413622,Societe_000162,COMMERCE_ET_VENTE,COMMERCE_ET_DISTRIBUTION,MEDIUM_RISK,[],0,21.79904571510151,Startup,18530.386,7660000.0,27795.578999999998
414707,Societe_000523,TRANSPORTS_ET_LOGISTIQUE,SERVICES_ET_CONSEIL,HIGH_RISK,['BRIS DE MACHINES'],1,8.94131196642452,Startup,7852.8232,296300.0,11779.2348
415920,Societe_000524,INDUSTRIE_ET_CONSTRUCTION,AUTRES_ACTIVITES,HIGH_RISK,['BRIS DE MACHINES'],1,0.7230685669928966,Startup,19595.088,2588500.0,29392.631999999998
417327,Societe_000163,AUTRES_SECTEURS,AUTRES_ACTIVITES,LOW_RISK,"['PERTES D EXPLOITATION APRES  INCENDIE', 'INCENDIE RISQUES SIMPLE']",2,0.04703376243569911,Startup,1060.32,619000.0,1590.48
417864,Societe_000500,AUTRES_SECTEURS,AUTRES_ACTIVITES,LOW_RISK,"['PERTES D EXPLOITATION APRES  INCENDIE', 'INCENDIE RISQUES SIMPLE']",2,24.382380351333005,Startup,28722.12,2198000.0,43083.18
419221,Societe_000573,COMMERCE_ET_VENTE,COMMERCE_ET_DISTRIBUTION,MEDIUM_RISK,[],0,24.485418167067017,Startup,2373.12,186000.0,3559.68
420196,Societe_000651,AUTRES_SECTEURS,AUTRES_ACTIVITES,LOW_RISK,"['PERTES D EXPLOITATION APRES  INCENDIE', 'MULTIRISQUES PROFESSIONNELLES']",2,35.21950557334795,Small Business,1985.0,4770000.0,2977.5
422236,Societe_000165,AUTRES_SECTEURS,AUTRES_ACTIVITES,LOW_RISK,"['INCENDIE RISQUES SIMPLE', 'RC ENTREPRISE DE BATIMENT ET TRAVAUX PUBLIC']",2,19.89894747149752,Startup,8480.0,160000.0,12720.0
422540,Societe_000166,AUTRES_SECTEURS,COMMERCE_ET_DISTRIBUTION,LOW_RISK,"['PERTES D EXPLOITATION APRES  INCENDIE', 'INCENDIE RISQUES SIMPLE']",2,21.206673157670554,Startup,16833.402,3050000.0,25250.102999999996
423487,Societe_000566,INDUSTRIE_ET_CONSTRUCTION,CONSTRUCTION_ET_BTP,HIGH_RISK,['BRIS DE MACHINES'],1,13.199932697490478,Startup,10310.6954,163960.0,15466.0431
424654,Societe_000169,AUTRES_SECTEURS,PRODUCTION_ET_FABRICATION,LOW_RISK,"['INCENDIE RISQUES SIMPLE', 'RC ENTREPRISE DE BATIMENT ET TRAVAUX PUBLIC']",2,32.007802359131254,Small Business,18116.913,118650.5,27175.3695
426583,Societe_000522,AUTRES_SECTEURS,PRODUCTION_ET_FABRICATION,LOW_RISK,"['PERTES D EXPLOITATION APRES  INCENDIE', 'INCENDIE RISQUES SIMPLE']",2,30.7347140754901,Small Business,11401.89,1454600.0,17102.835
430305,Societe_000709,SERVICES_ET_CONSEIL,AUTRES_ACTIVITES,LOW_RISK,"['PERTES D EXPLOITATION APRES  INCENDIE', 'INCENDIE RISQUES SIMPLE']",2,38.31921995737052,Small Business,9145.640000000001,2400000.0,13718.460000000003
430675,Societe_000171,SERVICES_ET_CONSEIL,AUTRES_ACTIVITES,LOW_RISK,['PERTES D EXPLOITATION APRES  INCENDIE'],1,30.581519439252414,Small Business,171.0,630000.0,1000.0
430841,Societe_000172,AUTRES_SECTEURS,AUTRES_ACTIVITES,LOW_RISK,['RC ENTREPRISE DE BATIMENT ET TRAVAUX PUBLIC'],1,15.160485971109587,Startup,400.5,130000.0,1000.0
430881,Societe_000708,HOTELLERIE_ET_TOURISME,AUTRES_ACTIVITES,LOW_RISK,[],0,17.47207052215079,Startup,15315.6788,251700.001,22973.5182
431271,Societe_000173,SERVICES_ET_CONSEIL,AUTRES_ACTIVITES,LOW_RISK,"['PERTES D EXPLOITATION APRES  INCENDIE', 'INCENDIE RISQUES SIMPLE']",2,27.108171010552816,Startup,6572.119,808300.0,9858.1785
431826,Societe_000577,TRANSPORTS_ET_LOGISTIQUE,TRANSPORTS_ET_LOGISTIQUE,HIGH_RISK,['BRIS DE MACHINES'],1,24.942194990132307,Startup,162913.0454,713924.0,244369.5681
432159,Societe_000174,INDUSTRIE_ET_CONSTRUCTION,AUTRES_ACTIVITES,HIGH_RISK,['BRIS DE MACHINES'],1,20.326910826868655,Startup,3533.517,99900.0,5300.2755
432601,Societe_000175,AUTRES_SECTEURS,PRODUCTION_ET_FABRICATION,LOW_RISK,"['PERTES D EXPLOITATION APRES  INCENDIE', 'INCENDIE RISQUES SIMPLE']",2,52.48498125179412,SME,23901.9166,773091.2,35852.8749
433633,Societe_000499,INDUSTRIE_ET_CONSTRUCTION,AUTRES_ACTIVITES,HIGH_RISK,['BRIS DE MACHINES'],1,10.852018029135907,Startup,69157.4693,563479.995,103736.20395
433978,Societe_000506,TRANSPORTS_ET_LOGISTIQUE,TRANSPORTS_ET_LOGISTIQUE,HIGH_RISK,['BRIS DE MACHINES'],1,29.91438045999471,Startup,456770.45759999997,630000.6,685155.6864
434148,Societe_000507,INDUSTRIE_ET_CONSTRUCTION,AUTRES_ACTIVITES,HIGH_RISK,['BRIS DE MACHINES'],1,32.71271463945849,Small Business,331522.20515,52686956.4,497283.30772499996
435434,Societe_000710,AUTRES_SECTEURS,SERVICES_ET_CONSEIL,LOW_RISK,"['PERTES D EXPLOITATION APRES  INCENDIE', 'INCENDIE RISQUES SIMPLE']",2,25.20847613471626,Startup,6640.558999999999,630000.0,9960.838499999998
435481,Societe_000711,AUTRES_SECTEURS,AUTRES_ACTIVITES,LOW_RISK,"['PERTES D EXPLOITATION APRES  INCENDIE', 'INCENDIE RISQUES SIMPLE']",2,43.89717138200397,Small Business,52180.469,1735000.0,78270.7035
435898,Societe_000178,COMMERCE_ET_VENTE,COMMERCE_ET_DISTRIBUTION,MEDIUM_RISK,[],0,29.997073628065014,Startup,26706.7142,794660.0,40060.071299999996
438164,Societe_000180,AUTRES_SECTEURS,COMMERCE_ET_DISTRIBUTION,LOW_RISK,"['PERTES D EXPLOITATION APRES  INCENDIE', 'INCENDIE RISQUES SIMPLE']",2,24.539269806796312,Startup,31550.0,6100000.0,47325.0
438784,Societe_000182,AUTRES_SECTEURS,AUTRES_ACTIVITES,LOW_RISK,"['PERTES D EXPLOITATION APRES  INCENDIE', 'INCENDIE RISQUES SIMPLE']",2,45.67300447712646,Small Business,493416.59979999997,64420285.364,740124.8997
439161,Societe_000707,AUTRES_SECTEURS,COMMERCE_ET_DISTRIBUTION,LOW_RISK,"['PERTES D EXPLOITATION APRES  INCENDIE', 'RC ENTREPRISE DE BATIMENT ET TRAVAUX PUBLIC']",2,16.693244660042982,Startup,2368.375,614000.0,3552.5625
440618,Societe_000183,AUTRES_SECTEURS,COMMERCE_ET_DISTRIBUTION,LOW_RISK,"['INCENDIE RISQUES SIMPLE', 'RC ENTREPRISE DE BATIMENT ET TRAVAUX PUBLIC']",2,0.35497847653754727,Startup,9679.719,34000.0,14519.5785
441401,Societe_000184,AUTRES_SECTEURS,CONSTRUCTION_ET_BTP,HIGH_RISK,['BRIS DE MACHINES'],1,1.0094533644611756,Startup,42332.954,7186912.0,63499.431
443009,Societe_000185,TRANSPORTS_ET_LOGISTIQUE,AUTRES_ACTIVITES,HIGH_RISK,['BRIS DE MACHINES'],1,24.812896135919082,Startup,54.0,180000.0,1000.0
443236,Societe_000607,SERVICES_ET_CONSEIL,SERVICES_ET_CONSEIL,LOW_RISK,"['INCENDIE RISQUES SIMPLE', 'RC ENTREPRISE DE BATIMENT ET TRAVAUX PUBLIC']",2,21.409468378191335,Startup,8394.219,180000.0,12591.3285
443285,Societe_000186,COMMERCE_ET_VENTE,COMMERCE_ET_DISTRIBUTION,MEDIUM_RISK,[],0,17.660673130403055,Startup,4821.736,35800.0,7232.603999999999
443445,Societe_000498,COMMERCE_ET_VENTE,AUTRES_ACTIVITES,MEDIUM_RISK,[],0,27.242716958289847,Startup,32198.24,982000.0,48297.36
446182,Societe_000578,INDUSTRIE_ET_CONSTRUCTION,AUTRES_ACTIVITES,HIGH_RISK,['BRIS DE MACHINES'],1,34.98799003080044,Small Business,77116.282,3169705.3880000003,115674.42300000001
446403,Societe_000188,AUTRES_SECTEURS,COMMERCE_ET_DISTRIBUTION,LOW_RISK,"['PERTES D EXPLOITATION APRES  INCENDIE', 'INCENDIE RISQUES SIMPLE']",2,29.59749692104163,Startup,6985.736,1620000.0,10478.604
446706,Societe_000619,AUTRES_SECTEURS,COMMERCE_ET_DISTRIBUTION,LOW_RISK,"['INCENDIE RISQUES SIMPLE', 'RC ENTREPRISE DE BATIMENT ET TRAVAUX PUBLIC']",2,38.7345555550292,Small Business,6999.786,175000.0,10499.679
447334,Societe_000189,SANTÉ_ET_SOCIAL,AUTRES_ACTIVITES,LOW_RISK,['INCENDIE RISQUES SIMPLE'],1,27.562080836391015,Startup,1730.0,100000.0,2595.0
447569,Societe_000590,AUTRES_SECTEURS,COMMERCE_ET_DISTRIBUTION,LOW_RISK,"['PERTES D EXPLOITATION APRES  INCENDIE', 'INCENDIE RISQUES SIMPLE']",2,22.257129784501938,Startup,24377.31,2719000.0,36565.965000000004
447597,Societe_000554,INDUSTRIE_ET_CONSTRUCTION,AUTRES_ACTIVITES,HIGH_RISK,['BRIS DE MACHINES'],1,26.500877574390845,Startup,3588.0,2120000.0,5382.0
447730,Societe_000190,AUTRES_SECTEURS,AUTRES_ACTIVITES,LOW_RISK,['INCENDIE RISQUES SIMPLE'],1,21.602128406001732,Startup,10500.0,500000.0,15750.0
447876,Societe_000191,AUTRES_SECTEURS,COMMERCE_ET_DISTRIBUTION,LOW_RISK,"['PERTES D EXPLOITATION APRES  INCENDIE', 'INCENDIE RISQUES SIMPLE']",2,32.840230837513694,Small Business,20093.882999999998,2470000.0,30140.824499999995
448303,Societe_000553,AUTRES_SECTEURS,PRODUCTION_ET_FABRICATION,LOW_RISK,"['PERTES D EXPLOITATION APRES  INCENDIE', 'RC ENTREPRISE DE BATIMENT ET TRAVAUX PUBLIC']",2,46.23813718990908,Small Business,15361.712,6010000.0,23042.568
475733,Societe_000192,AGRICULTURE_ET_RESSOURCES,AUTRES_ACTIVITES,MEDIUM_RISK,['PERTES D EXPLOITATION APRES  INCENDIE'],1,26.752491178087585,Startup,24540.119,5290119.456,36810.178499999995
476282,Societe_000193,AUTRES_SECTEURS,PRODUCTION_ET_FABRICATION,LOW_RISK,"['INCENDIE RISQUES SIMPLE', 'RC ENTREPRISE DE BATIMENT ET TRAVAUX PUBLIC']",2,27.02212414648625,Startup,4536.0,300000.0,6804.0
480799,Societe_000497,COMMERCE_ET_VENTE,COMMERCE_ET_DISTRIBUTION,MEDIUM_RISK,[],0,0.21113868643912384,Startup,9273.644,69600.0,13910.466
481781,Societe_000195,HOTELLERIE_ET_TOURISME,AUTRES_ACTIVITES,LOW_RISK,[],0,0.17229582324364223,Startup,4250.892,156952.417,6376.338
485439,Societe_000508,AUTRES_SECTEURS,SERVICES_ET_CONSEIL,LOW_RISK,['RC ENTREPRISE DE BATIMENT ET TRAVAUX PUBLIC'],1,31.858556346098602,Small Business,1709.636,290957.294,2564.4539999999997
485788,Societe_000678,HOTELLERIE_ET_TOURISME,AUTRES_ACTIVITES,LOW_RISK,[],0,48.20762888657424,Small Business,4768.0,450000.0,7152.0
487908,Societe_000494,HOTELLERIE_ET_TOURISME,AUTRES_ACTIVITES,LOW_RISK,[],0,21.219295029837838,Startup,1062.0,250000.0,1593.0
488026,Societe_000197,TRANSPORTS_ET_LOGISTIQUE,AUTRES_ACTIVITES,HIGH_RISK,['BRIS DE MACHINES'],1,17.386545840312966,Startup,1800.0,400000.0,2700.0
492119,Societe_000198,AUTRES_SECTEURS,COMMERCE_ET_DISTRIBUTION,LOW_RISK,"['PERTES D EXPLOITATION APRES  INCENDIE', 'INCENDIE RISQUES SIMPLE']",2,1.4110389706519144,Startup,31745.52,1660000.0,47618.28
493386,Societe_000677,AUTRES_SECTEURS,AUTRES_ACTIVITES,LOW_RISK,"['PERTES D EXPLOITATION APRES  INCENDIE', 'INCENDIE RISQUES SIMPLE']",2,0.8550625005465219,Startup,19161.1,1434000.0,28741.649999999998
493603,Societe_000495,TRANSPORTS_ET_LOGISTIQUE,TRANSPORTS_ET_LOGISTIQUE,HIGH_RISK,['BRIS DE MACHINES'],1,25.52703103606394,Startup,684585.80105,685000.0,1026878.7015750001
496786,Societe_000674,COMMERCE_ET_VENTE,AUTRES_ACTIVITES,MEDIUM_RISK,[],0,34.46144930919203,Small Business,73627.906,2824935.0,110441.859
498197,Societe_000496,SERVICES_ET_CONSEIL,AUTRES_ACTIVITES,LOW_RISK,"['INCENDIE RISQUES SIMPLE', 'RC ENTREPRISE DE BATIMENT ET TRAVAUX PUBLIC']",2,19.451148965881575,Startup,5483.4344,54500.0,8225.151600000001
498213,Societe_000675,AUTRES_SECTEURS,AUTRES_ACTIVITES,LOW_RISK,"['PERTES D EXPLOITATION APRES  INCENDIE', 'INCENDIE RISQUES SIMPLE']",2,54.98982765607252,SME,550737.571,39330945.283,826106.3565
500075,Societe_000676,AUTRES_SECTEURS,AUTRES_ACTIVITES,LOW_RISK,"['PERTES D EXPLOITATION APRES  INCENDIE', 'INCENDIE RISQUES SIMPLE']",2,13.880522515850627,Startup,82998.4048,17702660.738,124497.6072
500078,Societe_000517,TRANSPORTS_ET_LOGISTIQUE,SERVICES_ET_CONSEIL,HIGH_RISK,['BRIS DE MACHINES'],1,53.8494950705924,SME,1143958.689,157738000.0,1715938.0335
500482,Societe_000493,COMMERCE_ET_VENTE,COMMERCE_ET_DISTRIBUTION,MEDIUM_RISK,[],0,23.80140019360793,Startup,2276.104,22000.0,3414.156
502576,Societe_000199,INDUSTRIE_ET_CONSTRUCTION,AUTRES_ACTIVITES,HIGH_RISK,['BRIS DE MACHINES'],1,0.11206114722734707,Startup,3324.045,430000.0,4986.0675
503555,Societe_000561,COMMERCE_ET_VENTE,COMMERCE_ET_DISTRIBUTION,MEDIUM_RISK,[],0,45.09990177725734,Small Business,3697.1317,140900.0,5545.69755
503556,Societe_000562,AUTRES_SECTEURS,PRODUCTION_ET_FABRICATION,LOW_RISK,"['INCENDIE RISQUES SIMPLE', 'RC ENTREPRISE DE BATIMENT ET TRAVAUX PUBLIC']",2,23.62955791847648,Startup,10263.569,61900.6,15395.3535
505957,Societe_000582,AUTRES_SECTEURS,AUTRES_ACTIVITES,LOW_RISK,['PERTES D EXPLOITATION APRES  INCENDIE'],1,27.54323876248703,Startup,136042.322,6806945.42,204063.48299999998
508931,Societe_000560,SERVICES_ET_CONSEIL,AUTRES_ACTIVITES,LOW_RISK,"['PERTES D EXPLOITATION APRES  INCENDIE', 'INCENDIE RISQUES SIMPLE']",2,50.41658101680213,SME,492860.46655,45206117.018,739290.699825
515195,Societe_000602,HOTELLERIE_ET_TOURISME,AUTRES_ACTIVITES,LOW_RISK,[],0,0.48551279566366123,Startup,13236.13,40000.0,19854.195
515402,Societe_000200,INDUSTRIE_ET_CONSTRUCTION,AUTRES_ACTIVITES,HIGH_RISK,['BRIS DE MACHINES'],1,39.422098959284305,Small Business,4180.441,272671.661,6270.6615
516299,Societe_000201,SERVICES_ET_CONSEIL,AUTRES_ACTIVITES,LOW_RISK,"['INCENDIE RISQUES SIMPLE', 'RC ENTREPRISE DE BATIMENT ET TRAVAUX PUBLIC']",2,0.277268244525864,Startup,10135.523000000001,119200.0,15203.284500000002
517192,Societe_000552,COMMERCE_ET_VENTE,COMMERCE_ET_DISTRIBUTION,MEDIUM_RISK,[],0,27.67153699851412,Startup,760.75,525000.0,1141.125
517367,Societe_000202,AUTRES_SECTEURS,PRODUCTION_ET_FABRICATION,LOW_RISK,"['INCENDIE RISQUES SIMPLE', 'RC ENTREPRISE DE BATIMENT ET TRAVAUX PUBLIC']",2,30.326796166205003,Small Business,49.5,180000.0,1000.0
517869,Societe_000603,INDUSTRIE_ET_CONSTRUCTION,AUTRES_ACTIVITES,HIGH_RISK,['BRIS DE MACHINES'],1,24.83386272495569,Startup,2518.385,174000.0,3777.5775000000003
523073,Societe_000203,INDUSTRIE_ET_CONSTRUCTION,AUTRES_ACTIVITES,HIGH_RISK,['BRIS DE MACHINES'],1,22.51284511522018,Startup,437.452,11000.0,1000.0
526014,Societe_000660,AUTRES_SECTEURS,COMMERCE_ET_DISTRIBUTION,LOW_RISK,"['PERTES D EXPLOITATION APRES  INCENDIE', 'INCENDIE RISQUES SIMPLE']",2,1.821330619226694,Startup,40697.678,3603000.0,61046.517
530477,Societe_000205,SERVICES_ET_CONSEIL,SERVICES_ET_CONSEIL,LOW_RISK,"['INCENDIE RISQUES SIMPLE', 'RC ENTREPRISE DE BATIMENT ET TRAVAUX PUBLIC']",2,0.02915874678862785,Startup,789.0,92000.0,1183.5
530663,Societe_000518,AUTRES_SECTEURS,AUTRES_ACTIVITES,LOW_RISK,"['PERTES D EXPLOITATION APRES  INCENDIE', 'INCENDIE RISQUES SIMPLE']",2,57.308284243101035,SME,109540.531,13096600.0,164310.7965
533071,Societe_000492,SANTÉ_ET_SOCIAL,AUTRES_ACTIVITES,LOW_RISK,[],0,41.856793566636966,Small Business,16973.663,96000.0,25460.4945
537113,Societe_000631,COMMERCE_ET_VENTE,COMMERCE_ET_DISTRIBUTION,MEDIUM_RISK,[],0,0.27539562692521485,Startup,8260.9705,36000.5,12391.45575
539178,Societe_000207,AUTRES_SECTEURS,AUTRES_ACTIVITES,LOW_RISK,"['INCENDIE RISQUES SIMPLE', 'RC ENTREPRISE DE BATIMENT ET TRAVAUX PUBLIC']",2,27.56762933569814,Startup,1845.38,50000.0,2768.07
539184,Societe_000571,AUTRES_SECTEURS,AUTRES_ACTIVITES,LOW_RISK,"['INCENDIE RISQUES SIMPLE', 'RC ENTREPRISE DE BATIMENT ET TRAVAUX PUBLIC']",2,30.45136056027972,Small Business,7080.0,120000.0,10620.0
540635,Societe_000605,AUTRES_SECTEURS,AUTRES_ACTIVITES,LOW_RISK,"['PERTES D EXPLOITATION APRES  INCENDIE', 'INCENDIE RISQUES SIMPLE']",2,43.86048475358297,Small Business,50776.1753,1259735.5760000001,76164.26295
545947,Societe_000630,COMMERCE_ET_VENTE,COMMERCE_ET_DISTRIBUTION,MEDIUM_RISK,[],0,5.128961625020872,Startup,13571.475,883390.002,20357.2125
545969,Societe_000551,INDUSTRIE_ET_CONSTRUCTION,CONSTRUCTION_ET_BTP,HIGH_RISK,['BRIS DE MACHINES'],1,15.862581592549661,Startup,3756.1,30000.0,5634.15
546320,Societe_000563,AUTRES_SECTEURS,AUTRES_ACTIVITES,LOW_RISK,"['INCENDIE RISQUES SIMPLE', 'RC ENTREPRISE DE BATIMENT ET TRAVAUX PUBLIC']",2,28.080947630858624,Startup,8048.0907,242906.644,12072.13605
548977,Societe_000520,AUTRES_SECTEURS,COMMERCE_ET_DISTRIBUTION,LOW_RISK,"['PERTES D EXPLOITATION APRES  INCENDIE', 'INCENDIE RISQUES SIMPLE']",2,40.81249188731651,Small Business,614946.457,377948923.5,922419.6855000001
549783,Societe_000521,COMMERCE_ET_VENTE,COMMERCE_ET_DISTRIBUTION,MEDIUM_RISK,[],0,41.327992823699226,Small Business,944233.14265,34156714.5,1416349.7139750002
550109,Societe_000679,AUTRES_SECTEURS,AUTRES_ACTIVITES,LOW_RISK,"['INCENDIE RISQUES SIMPLE', 'RC ENTREPRISE DE BATIMENT ET TRAVAUX PUBLIC']",2,24.12209174882399,Startup,3644.7799999999997,115000.0,5467.17
550504,Societe_000208,INDUSTRIE_ET_CONSTRUCTION,CONSTRUCTION_ET_BTP,HIGH_RISK,['BRIS DE MACHINES'],1,0.22128163869281595,Startup,7372.6655,52500.0,11058.99825
550528,Societe_000209,AUTRES_SECTEURS,AUTRES_ACTIVITES,LOW_RISK,"['PERTES D EXPLOITATION APRES  INCENDIE', 'INCENDIE RISQUES SIMPLE']",2,18.660581710477636,Startup,97612.68900000001,28903951.0,146419.03350000002
550533,Societe_000210,AUTRES_SECTEURS,AUTRES_ACTIVITES,LOW_RISK,"['INCENDIE RISQUES SIMPLE', 'RC ENTREPRISE DE BATIMENT ET TRAVAUX PUBLIC']",2,2.4278441520209695,Startup,60123.4115,216000.0,90185.11725000001
550682,Societe_000211,INDUSTRIE_ET_CONSTRUCTION,AUTRES_ACTIVITES,HIGH_RISK,['BRIS DE MACHINES'],1,9.631044346835933,Startup,7996.85,115000.0,11995.275000000001
550733,Societe_000212,SERVICES_ET_CONSEIL,AUTRES_ACTIVITES,LOW_RISK,"['INCENDIE RISQUES SIMPLE', 'RC ENTREPRISE DE BATIMENT ET TRAVAUX PUBLIC']",2,19.61101158125897,Startup,9844.1622,33900.0,14766.243300000002
550742,Societe_000213,COMMERCE_ET_VENTE,AUTRES_ACTIVITES,MEDIUM_RISK,[],0,26.89271927337768,Startup,68402.19559999999,447968.763,102603.2934
550990,Societe_000215,HOTELLERIE_ET_TOURISME,AUTRES_ACTIVITES,LOW_RISK,['PERTES D EXPLOITATION APRES  INCENDIE'],1,18.025582171944933,Startup,181831.97775000002,46188068.0,272747.966625
551002,Societe_000216,INDUSTRIE_ET_CONSTRUCTION,PRODUCTION_ET_FABRICATION,HIGH_RISK,['BRIS DE MACHINES'],1,19.822867952038735,Startup,219509.17595,16959556.099,329263.763925
551088,Societe_000217,HOTELLERIE_ET_TOURISME,AUTRES_ACTIVITES,LOW_RISK,['PERTES D EXPLOITATION APRES  INCENDIE'],1,0.38304849488100984,Startup,8083.712,3330000.0,12125.568000000001
551092,Societe_000519,AUTRES_SECTEURS,AUTRES_ACTIVITES,LOW_RISK,"['PERTES D EXPLOITATION APRES  INCENDIE', 'MULTIRISQUES PROFESSIONNELLES']",2,34.64229766032907,Small Business,801.5,555000.0,1202.25
551114,Societe_000491,COMMERCE_ET_VENTE,COMMERCE_ET_DISTRIBUTION,MEDIUM_RISK,[],0,5.475786763304444,Startup,13335.7257,185900.0,20003.58855
551268,Societe_000219,TRANSPORTS_ET_LOGISTIQUE,TRANSPORTS_ET_LOGISTIQUE,HIGH_RISK,['BRIS DE MACHINES'],1,26.98478375962522,Startup,817111.2918,266583.0,1225666.9377000001
551396,Societe_000220,INDUSTRIE_ET_CONSTRUCTION,PRODUCTION_ET_FABRICATION,HIGH_RISK,['BRIS DE MACHINES'],1,27.102337594693612,Startup,334233.88785,5104292.336,501350.83177499997
551415,Societe_000221,COMMERCE_ET_VENTE,COMMERCE_ET_DISTRIBUTION,MEDIUM_RISK,[],0,9.333962971534767,Startup,254340.22695,299000.0,381510.340425
551448,Societe_000222,COMMERCE_ET_VENTE,COMMERCE_ET_DISTRIBUTION,MEDIUM_RISK,[],0,20.552886551705537,Startup,300142.1685,218900.0,450213.25275000004
553316,Societe_000633,AUTRES_SECTEURS,PRODUCTION_ET_FABRICATION,LOW_RISK,"['PERTES D EXPLOITATION APRES  INCENDIE', 'INCENDIE RISQUES SIMPLE']",2,53.18061562123759,SME,17897.74,1940000.0,26846.61
554202,Societe_000564,AUTRES_SECTEURS,CONSTRUCTION_ET_BTP,HIGH_RISK,['BRIS DE MACHINES'],1,24.83463333917064,Startup,1600.0,200000.0,2400.0
554588,Societe_000632,AUTRES_SECTEURS,PRODUCTION_ET_FABRICATION,LOW_RISK,"['PERTES D EXPLOITATION APRES  INCENDIE', 'INCENDIE RISQUES SIMPLE']",2,39.83313313241932,Small Business,69669.43800000001,11813263.206,104504.157
555485,Societe_000550,TRANSPORTS_ET_LOGISTIQUE,TRANSPORTS_ET_LOGISTIQUE,HIGH_RISK,['BRIS DE MACHINES'],1,26.090524890863485,Startup,4842.4,120000.0,7263.599999999999
557042,Societe_000226,AUTRES_SECTEURS,AUTRES_ACTIVITES,LOW_RISK,['INCENDIE RISQUES SIMPLE'],1,27.502991803337874,Startup,80.0,70000.0,1000.0
557052,Societe_000680,AUTRES_SECTEURS,AUTRES_ACTIVITES,LOW_RISK,"['INCENDIE RISQUES SIMPLE', 'RC ENTREPRISE DE BATIMENT ET TRAVAUX PUBLIC']",2,27.552547587801904,Startup,1440.0,20000.0,2160.0
557559,Societe_000557,AUTRES_SECTEURS,COMMERCE_ET_DISTRIBUTION,LOW_RISK,"['INCENDIE RISQUES SIMPLE', 'RC ENTREPRISE DE BATIMENT ET TRAVAUX PUBLIC']",2,48.13529339651424,Small Business,2998.8,328000.0,4498.200000000001
557567,Societe_000681,INDUSTRIE_ET_CONSTRUCTION,PRODUCTION_ET_FABRICATION,HIGH_RISK,['BRIS DE MACHINES'],1,9.047915074332108,Startup,2889.8755,51000.0,4334.81325
557589,Societe_000682,SANTÉ_ET_SOCIAL,AUTRES_ACTIVITES,LOW_RISK,[],0,41.463383143981034,Small Business,6406.672,847670.6,9610.008
557760,Societe_000555,SERVICES_ET_CONSEIL,AUTRES_ACTIVITES,LOW_RISK,"['INCENDIE RISQUES SIMPLE', 'RC ENTREPRISE DE BATIMENT ET TRAVAUX PUBLIC']",2,48.13022932709818,Small Business,3726.16,114900.0,5589.24
557771,Societe_000230,HOTELLERIE_ET_TOURISME,AUTRES_ACTIVITES,LOW_RISK,['PERTES D EXPLOITATION APRES  INCENDIE'],1,33.40117332894029,Small Business,8925.0,1050000.0,13387.5
557810,Societe_000659,SANTÉ_ET_SOCIAL,AUTRES_ACTIVITES,LOW_RISK,[],0,43.65285962681573,Small Business,151.55,35000.0,1000.0
558223,Societe_000583,TRANSPORTS_ET_LOGISTIQUE,TRANSPORTS_ET_LOGISTIQUE,HIGH_RISK,['BRIS DE MACHINES'],1,25.017978333922574,Startup,21910.225000000002,751000.0,32865.3375
558316,Societe_000684,AUTRES_SECTEURS,AUTRES_ACTIVITES,LOW_RISK,"['PERTES D EXPLOITATION APRES  INCENDIE', 'INCENDIE RISQUES SIMPLE']",2,32.89721640914978,Small Business,861945.597,217044867.51,1292918.3954999999
558328,Societe_000243,AUTRES_SECTEURS,AUTRES_ACTIVITES,LOW_RISK,['PERTES D EXPLOITATION APRES  INCENDIE'],1,53.11987981798135,SME,16393.567,2602153.48,24590.3505
558548,Societe_000246,INDUSTRIE_ET_CONSTRUCTION,CONSTRUCTION_ET_BTP,HIGH_RISK,['BRIS DE MACHINES'],1,0.04496445455833837,Startup,1500.0,50000.0,2250.0
558566,Societe_000556,INDUSTRIE_ET_CONSTRUCTION,PRODUCTION_ET_FABRICATION,HIGH_RISK,['BRIS DE MACHINES'],1,35.85618520967392,Small Business,4822.378,32600.0,7233.566999999999
558707,Societe_000594,COMMERCE_ET_VENTE,COMMERCE_ET_DISTRIBUTION,MEDIUM_RISK,[],0,17.608312095328987,Startup,3253.82,26150.0,4880.7300000000005
558731,Societe_000251,AUTRES_SECTEURS,AUTRES_ACTIVITES,LOW_RISK,['PERTES D EXPLOITATION APRES  INCENDIE'],1,33.41156734115631,Small Business,10147.189,13229193.5,15220.783500000001
559112,Societe_000683,SERVICES_ET_CONSEIL,SERVICES_ET_CONSEIL,LOW_RISK,"['INCENDIE RISQUES SIMPLE', 'RC ENTREPRISE DE BATIMENT ET TRAVAUX PUBLIC']",2,38.09222964684762,Small Business,62033.709,429494.7,93050.5635
559166,Societe_000516,TRANSPORTS_ET_LOGISTIQUE,TRANSPORTS_ET_LOGISTIQUE,HIGH_RISK,['BRIS DE MACHINES'],1,19.610276874863686,Startup,5135.7255000000005,145000.0,7703.588250000001
559199,Societe_000689,SERVICES_ET_CONSEIL,AUTRES_ACTIVITES,LOW_RISK,"['INCENDIE RISQUES SIMPLE', 'RC ENTREPRISE DE BATIMENT ET TRAVAUX PUBLIC']",2,1.9769761184006118,Startup,48919.88,390000.0,73379.81999999999
559305,Societe_000258,INDUSTRIE_ET_CONSTRUCTION,AUTRES_ACTIVITES,HIGH_RISK,['BRIS DE MACHINES'],1,28.677581676942008,Startup,415913.5219,25879515.538,623870.28285
559310,Societe_000658,AUTRES_SECTEURS,AUTRES_ACTIVITES,LOW_RISK,"['INCENDIE RISQUES SIMPLE', 'RC ENTREPRISE DE BATIMENT ET TRAVAUX PUBLIC']",2,0.03746871906504933,Startup,1020.0,68000.0,1530.0
559314,Societe_000601,TRANSPORTS_ET_LOGISTIQUE,TRANSPORTS_ET_LOGISTIQUE,HIGH_RISK,['BRIS DE MACHINES'],1,53.50068881485221,SME,430519.2544,205266.0,645778.8816
559327,Societe_000657,INDUSTRIE_ET_CONSTRUCTION,PRODUCTION_ET_FABRICATION,HIGH_RISK,['BRIS DE MACHINES'],1,0.058725717157598833,Startup,1951.68,85600.0,2927.52
559338,Societe_000260,TRANSPORTS_ET_LOGISTIQUE,TRANSPORTS_ET_LOGISTIQUE,HIGH_RISK,['BRIS DE MACHINES'],1,22.52413605038307,Startup,812.8,15000.0,1219.1999999999998
559651,Societe_000261,AUTRES_SECTEURS,AUTRES_ACTIVITES,LOW_RISK,"['PERTES D EXPLOITATION APRES  INCENDIE', 'INCENDIE RISQUES SIMPLE']",2,34.18136055161578,Small Business,135811.658,10460064.31,203717.487
559856,Societe_000691,AUTRES_SECTEURS,AUTRES_ACTIVITES,LOW_RISK,['INCENDIE RISQUES SIMPLE'],1,30.27958686170322,Small Business,160.0,140000.0,1000.0
559883,Societe_000692,AUTRES_SECTEURS,AUTRES_ACTIVITES,LOW_RISK,"['PERTES D EXPLOITATION APRES  INCENDIE', 'INCENDIE RISQUES SIMPLE']",2,4.555312063765818,Startup,12751.0,3525000.0,19126.5
559976,Societe_000267,AUTRES_SECTEURS,PRODUCTION_ET_FABRICATION,LOW_RISK,"['INCENDIE RISQUES SIMPLE', 'RC ENTREPRISE DE BATIMENT ET TRAVAUX PUBLIC']",2,27.569671632572277,Startup,89.69999999999999,69000.0,1000.0
560034,Societe_000271,HOTELLERIE_ET_TOURISME,AUTRES_ACTIVITES,LOW_RISK,['PERTES D EXPLOITATION APRES  INCENDIE'],1,15.108996838997143,Startup,280421.1229,77150416.0,420631.68435
560100,Societe_000274,AUTRES_SECTEURS,AUTRES_ACTIVITES,LOW_RISK,['PERTES D EXPLOITATION APRES  INCENDIE'],1,30.306078864435918,Small Business,1223.367,943000.0,1835.0504999999998
560407,Societe_000635,AUTRES_SECTEURS,PRODUCTION_ET_FABRICATION,LOW_RISK,"['INCENDIE RISQUES SIMPLE', 'RC ENTREPRISE DE BATIMENT ET TRAVAUX PUBLIC']",2,43.85664973917881,Small Business,5704.64,40000.0,8556.960000000001
560495,Societe_000275,AUTRES_SECTEURS,AUTRES_ACTIVITES,LOW_RISK,"['INCENDIE RISQUES SIMPLE', 'RC ENTREPRISE DE BATIMENT ET TRAVAUX PUBLIC']",2,19.266838465039424,Startup,469.056,8000.0,1000.0
560598,Societe_000686,AUTRES_SECTEURS,AUTRES_ACTIVITES,LOW_RISK,"['PERTES D EXPLOITATION APRES  INCENDIE', 'MULTIRISQUES PROFESSIONNELLES']",2,44.88885828000527,Small Business,506766.824699999,17578310.0,760150.2370499985
560601,Societe_000276,TRANSPORTS_ET_LOGISTIQUE,TRANSPORTS_ET_LOGISTIQUE,HIGH_RISK,['BRIS DE MACHINES'],1,16.212291840655286,Startup,15406.855,20000.0,23110.2825
560620,Societe_000559,AUTRES_SECTEURS,AUTRES_ACTIVITES,LOW_RISK,"['INCENDIE RISQUES SIMPLE', 'RC ENTREPRISE DE BATIMENT ET TRAVAUX PUBLIC']",2,43.81601403836985,Small Business,4596.112,45600.0,6894.168
560738,Societe_000277,INDUSTRIE_ET_CONSTRUCTION,PRODUCTION_ET_FABRICATION,HIGH_RISK,['BRIS DE MACHINES'],1,0.4808716271023255,Startup,14397.845,931338.6,21596.767499999998
561227,Societe_000687,COMMERCE_ET_VENTE,COMMERCE_ET_DISTRIBUTION,MEDIUM_RISK,[],0,44.0409258565003,Small Business,16339.731,300000.0,24509.5965
563554,Societe_000509,SERVICES_ET_CONSEIL,AUTRES_ACTIVITES,LOW_RISK,"['INCENDIE RISQUES SIMPLE', 'RC ENTREPRISE DE BATIMENT ET TRAVAUX PUBLIC']",2,0.05004672297668407,Startup,1370.9,25000.0,2056.3500000000004
563606,Societe_000280,AUTRES_SECTEURS,AUTRES_ACTIVITES,LOW_RISK,['PERTES D EXPLOITATION APRES  INCENDIE'],1,45.360621736110595,Small Business,34884.0,10260000.0,52326.0
564582,Societe_000282,AUTRES_SECTEURS,AUTRES_ACTIVITES,LOW_RISK,"['INCENDIE RISQUES SIMPLE', 'RC ENTREPRISE DE BATIMENT ET TRAVAUX PUBLIC']",2,43.88833515394212,Small Business,6566.3,50000.0,9849.45
564584,Societe_000558,AUTRES_SECTEURS,AUTRES_ACTIVITES,LOW_RISK,['PERTES D EXPLOITATION APRES  INCENDIE'],1,30.778611947357312,Small Business,22561.1144,627460.0,33841.6716
567570,Societe_000655,AUTRES_SECTEURS,AUTRES_ACTIVITES,LOW_RISK,"['INCENDIE RISQUES SIMPLE', 'RC ENTREPRISE DE BATIMENT ET TRAVAUX PUBLIC']",2,49.20986412545693,Small Business,29618.4934,349000.0,44427.740099999995
568062,Societe_000297,HOTELLERIE_ET_TOURISME,AUTRES_ACTIVITES,LOW_RISK,[],0,0.4181185703538399,Startup,11398.456,44950.0,17097.684
568151,Societe_000298,TRANSPORTS_ET_LOGISTIQUE,AUTRES_ACTIVITES,HIGH_RISK,['BRIS DE MACHINES'],1,22.530779552161146,Startup,1027.5,50000.0,1541.25
568164,Societe_000299,INDUSTRIE_ET_CONSTRUCTION,AUTRES_ACTIVITES,HIGH_RISK,['BRIS DE MACHINES'],1,15.805662324974577,Startup,1862.0,20000.0,2793.0
568438,Societe_000300,AUTRES_SECTEURS,AUTRES_ACTIVITES,LOW_RISK,['INCENDIE RISQUES SIMPLE'],1,30.31841025807906,Small Business,900.0,150000.0,1350.0
568835,Societe_000696,TRANSPORTS_ET_LOGISTIQUE,AUTRES_ACTIVITES,HIGH_RISK,['BRIS DE MACHINES'],1,10.617372820656339,Startup,5476.04,67000.0,8214.06
568931,Societe_000306,COMMERCE_ET_VENTE,AUTRES_ACTIVITES,MEDIUM_RISK,[],0,17.705093096813368,Startup,6146.96,70000.0,9220.44
569005,Societe_000599,AUTRES_SECTEURS,AUTRES_ACTIVITES,LOW_RISK,"['INCENDIE RISQUES SIMPLE', 'RC ENTREPRISE DE BATIMENT ET TRAVAUX PUBLIC']",2,19.27353140858253,Startup,639.78,70000.0,1000.0
569051,Societe_000308,AUTRES_SECTEURS,AUTRES_ACTIVITES,LOW_RISK,"['INCENDIE RISQUES SIMPLE', 'RC ENTREPRISE DE BATIMENT ET TRAVAUX PUBLIC']",2,0.05442174761963108,Startup,1490.324,24000.0,2235.486
569077,Societe_000309,AUTRES_SECTEURS,AUTRES_ACTIVITES,LOW_RISK,['INCENDIE RISQUES SIMPLE'],1,19.131538289517287,Startup,5330.4439999999995,141200.0,7995.665999999999
569138,Societe_000310,AUTRES_SECTEURS,AUTRES_ACTIVITES,LOW_RISK,['PERTES D EXPLOITATION APRES  INCENDIE'],1,52.94001744849466,SME,12375.0,2250000.0,18562.5
569516,Societe_000488,AUTRES_SECTEURS,AUTRES_ACTIVITES,LOW_RISK,"['INCENDIE RISQUES SIMPLE', 'RC ENTREPRISE DE BATIMENT ET TRAVAUX PUBLIC']",2,38.66937515028432,Small Business,3098.231,370000.0,4647.346500000001
569527,Societe_000328,AUTRES_SECTEURS,AUTRES_ACTIVITES,LOW_RISK,['INCENDIE RISQUES SIMPLE'],1,25.3733961058213,Startup,26590.0,100000.0,39885.0
569586,Societe_000329,INDUSTRIE_ET_CONSTRUCTION,CONSTRUCTION_ET_BTP,HIGH_RISK,['BRIS DE MACHINES'],1,24.93986582277803,Startup,4208.5,240000.0,6312.75
569771,Societe_000515,AUTRES_SECTEURS,AUTRES_ACTIVITES,LOW_RISK,"['PERTES D EXPLOITATION APRES  INCENDIE', 'INCENDIE RISQUES SIMPLE']",2,32.308718087808046,Small Business,10487.137,530000.0,15730.7055
569794,Societe_000656,COMMERCE_ET_VENTE,COMMERCE_ET_DISTRIBUTION,MEDIUM_RISK,[],0,17.55978289424235,Startup,12653.04,442900.6,18979.56
570060,Societe_000321,INDUSTRIE_ET_CONSTRUCTION,CONSTRUCTION_ET_BTP,HIGH_RISK,['BRIS DE MACHINES'],1,0.07998464079720634,Startup,2663.698,65000.0,3995.5469999999996
570084,Societe_000323,SERVICES_ET_CONSEIL,AUTRES_ACTIVITES,LOW_RISK,['RC ENTREPRISE DE BATIMENT ET TRAVAUX PUBLIC'],1,48.04230016884093,Small Business,710.433,245000.0,1065.6495
570118,Societe_000326,COMMERCE_ET_VENTE,COMMERCE_ET_DISTRIBUTION,MEDIUM_RISK,[],0,0.2131690802821564,Startup,6400.0,12000.0,9600.0
570145,Societe_000693,COMMERCE_ET_VENTE,COMMERCE_ET_DISTRIBUTION,MEDIUM_RISK,[],0,39.92402681352865,Small Business,475051.70525,13452619.929,712577.5578749999
570197,Societe_000511,AUTRES_SECTEURS,AUTRES_ACTIVITES,LOW_RISK,"['INCENDIE RISQUES SIMPLE', 'RC ENTREPRISE DE BATIMENT ET TRAVAUX PUBLIC']",2,43.91388969805849,Small Business,7264.64,40000.0,10896.960000000001
570306,Societe_000331,AUTRES_SECTEURS,AUTRES_ACTIVITES,LOW_RISK,"['INCENDIE RISQUES SIMPLE', 'RC ENTREPRISE DE BATIMENT ET TRAVAUX PUBLIC']",2,30.267878625749788,Small Business,422.75,169100.0,1000.0
570951,Societe_000514,INDUSTRIE_ET_CONSTRUCTION,AUTRES_ACTIVITES,HIGH_RISK,['BRIS DE MACHINES'],1,19.34852593560689,Startup,12186.931,1459752.0,18280.396500000003
571432,Societe_000513,SERVICES_ET_CONSEIL,AUTRES_ACTIVITES,LOW_RISK,"['PERTES D EXPLOITATION APRES  INCENDIE', 'INCENDIE RISQUES SIMPLE']",2,42.63966792790428,Small Business,187051.751,164589023.0,280577.6265
571464,Societe_000512,INDUSTRIE_ET_CONSTRUCTION,CONSTRUCTION_ET_BTP,HIGH_RISK,['BRIS DE MACHINES'],1,26.802327903810436,Startup,75865.912,17053923.0,113798.86799999999
572305,Societe_000341,INDUSTRIE_ET_CONSTRUCTION,CONSTRUCTION_ET_BTP,HIGH_RISK,['BRIS DE MACHINES'],1,15.792859493906898,Startup,1435.16,22000.0,2152.7400000000002
572429,Societe_000598,SERVICES_ET_CONSEIL,AUTRES_ACTIVITES,LOW_RISK,"['INCENDIE RISQUES SIMPLE', 'RC ENTREPRISE DE BATIMENT ET TRAVAUX PUBLIC']",2,21.26154734457291,Startup,2114.5,220000.0,3171.75
573149,Societe_000694,COMMERCE_ET_VENTE,COMMERCE_ET_DISTRIBUTION,MEDIUM_RISK,[],0,18.78469645193544,Startup,1990.79,38000.0,2986.185
574576,Societe_000697,AUTRES_SECTEURS,AUTRES_ACTIVITES,LOW_RISK,"['INCENDIE RISQUES SIMPLE', 'RC ENTREPRISE DE BATIMENT ET TRAVAUX PUBLIC']",2,43.670481380778334,Small Business,632.75,30000.0,1000.0
574756,Societe_000361,AUTRES_SECTEURS,AUTRES_ACTIVITES,LOW_RISK,"['INCENDIE RISQUES SIMPLE', 'RC ENTREPRISE DE BATIMENT ET TRAVAUX PUBLIC']",2,1.7154920003537732,Startup,8447.844000000001,114950.0,12671.766000000001
574808,Societe_000362,COMMERCE_ET_VENTE,COMMERCE_ET_DISTRIBUTION,MEDIUM_RISK,[],0,15.064533022402799,Startup,28654.39,2317751.449,42981.585
574859,Societe_000363,AUTRES_SECTEURS,AUTRES_ACTIVITES,LOW_RISK,['PERTES D EXPLOITATION APRES  INCENDIE'],1,31.226262257225567,Small Business,13237.514,9342308.754,19856.271
575024,Societe_000641,COMMERCE_ET_VENTE,COMMERCE_ET_DISTRIBUTION,MEDIUM_RISK,[],0,40.68727753699978,Small Business,30210.0272,68490.0,45315.0408
575686,Societe_000699,AUTRES_SECTEURS,AUTRES_ACTIVITES,LOW_RISK,"['INCENDIE RISQUES SIMPLE', 'RC ENTREPRISE DE BATIMENT ET TRAVAUX PUBLIC']",2,26.94401465278519,Startup,2577.763,422000.0,3866.6445
575743,Societe_000653,COMMERCE_ET_VENTE,COMMERCE_ET_DISTRIBUTION,MEDIUM_RISK,[],0,24.853639420526186,Startup,12257.0,990000.0,18385.5
575944,Societe_000377,SERVICES_ET_CONSEIL,AUTRES_ACTIVITES,LOW_RISK,['PERTES D EXPLOITATION APRES  INCENDIE'],1,33.34454438628446,Small Business,4834.201,726157.909,7251.3015
576295,Societe_000378,AUTRES_SECTEURS,AUTRES_ACTIVITES,LOW_RISK,['PERTES D EXPLOITATION APRES  INCENDIE'],1,53.268511072123566,SME,19600.0,3500000.0,29400.0
578928,Societe_000381,AUTRES_SECTEURS,AUTRES_ACTIVITES,LOW_RISK,['INCENDIE RISQUES SIMPLE'],1,27.503697438548926,Startup,103.0,50000.0,1000.0
578939,Societe_000597,HOTELLERIE_ET_TOURISME,AUTRES_ACTIVITES,LOW_RISK,['PERTES D EXPLOITATION APRES  INCENDIE'],1,22.974858309489193,Startup,22484.01,52820058.0,33726.015
578963,Societe_000702,SANTÉ_ET_SOCIAL,AUTRES_ACTIVITES,LOW_RISK,[],0,30.289211368356476,Small Business,490.2,326800.0,1000.0
579245,Societe_000703,SERVICES_ET_CONSEIL,AUTRES_ACTIVITES,LOW_RISK,"['INCENDIE RISQUES SIMPLE', 'RC ENTREPRISE DE BATIMENT ET TRAVAUX PUBLIC']",2,30.490706535772365,Small Business,1013.5,450000.0,1520.25
579276,Societe_000386,HOTELLERIE_ET_TOURISME,AUTRES_ACTIVITES,LOW_RISK,['ASSISTANCES EN VOYAGES - PLAN BUSINESS'],1,30.27120375593014,Small Business,495.542,220000.0,1000.0
579362,Societe_000510,AUTRES_SECTEURS,AUTRES_ACTIVITES,LOW_RISK,"['PERTES D EXPLOITATION APRES  INCENDIE', 'MULTIRISQUES PROFESSIONNELLES']",2,26.464273767059403,Startup,422.5,1240000.0,1000.0
579368,Societe_000701,HOTELLERIE_ET_TOURISME,AUTRES_ACTIVITES,LOW_RISK,['PERTES D EXPLOITATION APRES  INCENDIE'],1,49.1085280923798,Small Business,143161.59885,21243000.0,214742.398275
579463,Societe_000640,TRANSPORTS_ET_LOGISTIQUE,TRANSPORTS_ET_LOGISTIQUE,HIGH_RISK,['BRIS DE MACHINES'],1,32.89691155886254,Small Business,12469.93,290000.0,18704.895
579792,Societe_000565,AUTRES_SECTEURS,PRODUCTION_ET_FABRICATION,LOW_RISK,"['INCENDIE RISQUES SIMPLE', 'RC ENTREPRISE DE BATIMENT ET TRAVAUX PUBLIC']",2,21.90269595403916,Startup,2502.76,16000.0,3754.1400000000003
579884,Societe_000642,SERVICES_ET_CONSEIL,AUTRES_ACTIVITES,LOW_RISK,"['INCENDIE RISQUES SIMPLE', 'RC ENTREPRISE DE BATIMENT ET TRAVAUX PUBLIC']",2,0.3259516208055829,Startup,12098.5104,107814.486,18147.7656
580283,Societe_000395,INDUSTRIE_ET_CONSTRUCTION,PRODUCTION_ET_FABRICATION,HIGH_RISK,['BRIS DE MACHINES'],1,0.5991049206543075,Startup,16285.307,1892000.0,24427.9605
580430,Societe_000397,AUTRES_SECTEURS,AUTRES_ACTIVITES,LOW_RISK,['PERTES D EXPLOITATION APRES  INCENDIE'],1,35.0428290028917,Small Business,37985.85,44689235.0,56978.774999999994
580485,Societe_000486,INDUSTRIE_ET_CONSTRUCTION,AUTRES_ACTIVITES,HIGH_RISK,['BRIS DE MACHINES'],1,12.987653836495884,Startup,11504.5949,139084.0,17256.892350000002
580872,Societe_000403,TRANSPORTS_ET_LOGISTIQUE,TRANSPORTS_ET_LOGISTIQUE,HIGH_RISK,['BRIS DE MACHINES'],1,29.41614248611072,Startup,3968.15,130000.0,5952.225
580873,Societe_000404,INDUSTRIE_ET_CONSTRUCTION,AUTRES_ACTIVITES,HIGH_RISK,['BRIS DE MACHINES'],1,22.528682490510327,Startup,963.3,20000.0,1444.9499999999998
580889,Societe_000485,SERVICES_ET_CONSEIL,AUTRES_ACTIVITES,LOW_RISK,"['INCENDIE RISQUES SIMPLE', 'RC ENTREPRISE DE BATIMENT ET TRAVAUX PUBLIC']",2,43.8001580689975,Small Business,4170.31,12000.0,6255.465
581332,Societe_000483,INDUSTRIE_ET_CONSTRUCTION,CONSTRUCTION_ET_BTP,HIGH_RISK,['BRIS DE MACHINES'],1,21.01241396791398,Startup,7031.860000000001,106000.0,10547.79
581526,Societe_000613,TRANSPORTS_ET_LOGISTIQUE,TRANSPORTS_ET_LOGISTIQUE,HIGH_RISK,['BRIS DE MACHINES'],1,24.851864383817706,Startup,2852.6,155000.0,4278.9
581570,Societe_000409,INDUSTRIE_ET_CONSTRUCTION,PRODUCTION_ET_FABRICATION,HIGH_RISK,['BRIS DE MACHINES'],1,19.045728424640995,Startup,3682.782,1985000.0,5524.173000000001
581609,Societe_000410,AUTRES_SECTEURS,AUTRES_ACTIVITES,LOW_RISK,"['PERTES D EXPLOITATION APRES  INCENDIE', 'INCENDIE RISQUES SIMPLE']",2,0.23970278463007152,Startup,5182.4,1450000.0,7773.599999999999
581621,Societe_000411,COMMERCE_ET_VENTE,CONSTRUCTION_ET_BTP,HIGH_RISK,['BRIS DE MACHINES'],1,0.18552424922541336,Startup,4860.0,1600000.0,7290.0
581701,Societe_000412,INDUSTRIE_ET_CONSTRUCTION,PRODUCTION_ET_FABRICATION,HIGH_RISK,['BRIS DE MACHINES'],1,0.2846498576946894,Startup,7220.55,3675000.0,10830.825
581943,Societe_000415,AUTRES_SECTEURS,AUTRES_ACTIVITES,LOW_RISK,['PERTES D EXPLOITATION APRES  INCENDIE'],1,55.93532435707955,SME,78000.0,15000000.0,117000.0
582585,Societe_000576,INDUSTRIE_ET_CONSTRUCTION,CONSTRUCTION_ET_BTP,HIGH_RISK,['BRIS DE MACHINES'],1,15.965918276973401,Startup,7191.6966,64784.85,10787.5449
582618,Societe_000668,COMMERCE_ET_VENTE,COMMERCE_ET_DISTRIBUTION,MEDIUM_RISK,[],0,0.08253287540077824,Startup,2481.2,25000.0,3721.7999999999997
583112,Societe_000422,SERVICES_ET_CONSEIL,SERVICES_ET_CONSEIL,LOW_RISK,"['INCENDIE RISQUES SIMPLE', 'RC ENTREPRISE DE BATIMENT ET TRAVAUX PUBLIC']",2,27.50190163723003,Startup,55.0,45000.0,1000.0
583836,Societe_000612,COMMERCE_ET_VENTE,COMMERCE_ET_DISTRIBUTION,MEDIUM_RISK,[],0,0.14561962950806084,Startup,4371.068,32500.5,6556.602000000001
584419,Societe_000427,COMMERCE_ET_VENTE,COMMERCE_ET_DISTRIBUTION,MEDIUM_RISK,[],0,25.0055314157291,Startup,169.0,45000.0,1000.0
584461,Societe_000669,AUTRES_SECTEURS,AUTRES_ACTIVITES,LOW_RISK,"['INCENDIE RISQUES SIMPLE', 'RC ENTREPRISE DE BATIMENT ET TRAVAUX PUBLIC']",2,43.98826757145477,Small Business,9293.5958,30000.0,13940.393699999999
584859,Societe_000670,COMMERCE_ET_VENTE,COMMERCE_ET_DISTRIBUTION,MEDIUM_RISK,[],0,15.538087972489542,Startup,3286.2400000000002,164000.0,4929.360000000001
585150,Societe_000484,INDUSTRIE_ET_CONSTRUCTION,AUTRES_ACTIVITES,HIGH_RISK,['PERTES D EXPLOITATION APRES  INCENDIE'],1,26.739412452079797,Startup,187533.46855,20846249.033,281300.202825
586496,Societe_000435,SERVICES_ET_CONSEIL,SERVICES_ET_CONSEIL,LOW_RISK,"['INCENDIE RISQUES SIMPLE', 'RC ENTREPRISE DE BATIMENT ET TRAVAUX PUBLIC']",2,19.257073784238234,Startup,200.0,23561.469,1000.0
586633,Societe_000538,AUTRES_SECTEURS,AUTRES_ACTIVITES,LOW_RISK,"['INCENDIE RISQUES SIMPLE', 'RC ENTREPRISE DE BATIMENT ET TRAVAUX PUBLIC']",2,45.17319338837885,Small Business,6973.0,40000.0,10459.5
586720,Societe_000437,AUTRES_SECTEURS,AUTRES_ACTIVITES,LOW_RISK,['PERTES D EXPLOITATION APRES  INCENDIE'],1,33.196252716837535,Small Business,3616.867,4521083.7,5425.3005
586972,Societe_000439,COMMERCE_ET_VENTE,AUTRES_ACTIVITES,MEDIUM_RISK,[],0,0.07662798389748746,Startup,2728.65,50000.0,4092.9750000000004
587059,Societe_000672,SERVICES_ET_CONSEIL,SERVICES_ET_CONSEIL,LOW_RISK,"['INCENDIE RISQUES SIMPLE', 'RC ENTREPRISE DE BATIMENT ET TRAVAUX PUBLIC']",2,19.30749574672159,Startup,1576.74,10000.0,2365.11
587117,Societe_000671,AUTRES_SECTEURS,AUTRES_ACTIVITES,LOW_RISK,['PERTES D EXPLOITATION APRES  INCENDIE'],1,41.96866998575259,Small Business,36478.906,6988632.0,54718.359000000004
588431,Societe_000445,HOTELLERIE_ET_TOURISME,AUTRES_ACTIVITES,LOW_RISK,[],0,27.5486545426904,Startup,175.363,66534.5,1000.0
588667,Societe_000451,HOTELLERIE_ET_TOURISME,AUTRES_ACTIVITES,LOW_RISK,['ASSISTANCES EN VOYAGES - PLAN BUSINESS'],1,24.065724958418627,Startup,1350.0,200000.0,2025.0
588694,Societe_000542,INDUSTRIE_ET_CONSTRUCTION,AUTRES_ACTIVITES,HIGH_RISK,['BRIS DE MACHINES'],1,9.11643361593411,Startup,6593.692999999999,64000.0,9890.539499999999
588793,Societe_000459,SERVICES_ET_CONSEIL,PRODUCTION_ET_FABRICATION,LOW_RISK,['RC ENTREPRISE DE BATIMENT ET TRAVAUX PUBLIC'],1,27.500000000000004,Startup,6.0,30000.0,1000.0
588885,Societe_000569,INDUSTRIE_ET_CONSTRUCTION,CONSTRUCTION_ET_BTP,HIGH_RISK,['BRIS DE MACHINES'],1,28.907431290068928,Startup,15861.509,154804.8,23792.2635
589436,Societe_000586,AUTRES_SECTEURS,AUTRES_ACTIVITES,LOW_RISK,"['INCENDIE RISQUES SIMPLE', 'RC ENTREPRISE DE BATIMENT ET TRAVAUX PUBLIC']",2,27.513619535690303,Startup,379.067,20000.0,1000.0
589476,Societe_000465,AUTRES_SECTEURS,AUTRES_ACTIVITES,LOW_RISK,['PERTES D EXPLOITATION APRES  INCENDIE'],1,52.50395164586532,SME,276417.664,82205610.556,414626.496
589480,Societe_000611,AUTRES_SECTEURS,PRODUCTION_ET_FABRICATION,LOW_RISK,['INCENDIE RISQUES SIMPLE'],1,25.42558161377819,Startup,4890.0,370000.0,7335.0
589815,Societe_000467,INDUSTRIE_ET_CONSTRUCTION,AUTRES_ACTIVITES,HIGH_RISK,['BRIS DE MACHINES'],1,3.2076478633241745,Startup,1868.32,132770.6,2802.48
590129,Societe_000615,SERVICES_ET_CONSEIL,AUTRES_ACTIVITES,LOW_RISK,"['PERTES D EXPLOITATION APRES  INCENDIE', 'INCENDIE RISQUES SIMPLE']",2,0.3015952573974456,Startup,6475.0,2050000.0,9712.5
590551,Societe_000664,AUTRES_SECTEURS,AUTRES_ACTIVITES,LOW_RISK,"['INCENDIE RISQUES SIMPLE', 'RC ENTREPRISE DE BATIMENT ET TRAVAUX PUBLIC']",2,24.302533886945763,Startup,10904.5,125000.0,16356.75
590905,Societe_000661,INDUSTRIE_ET_CONSTRUCTION,AUTRES_ACTIVITES,HIGH_RISK,['BRIS DE MACHINES'],1,16.118871019869694,Startup,211960.76799999998,604450.0,317941.152
591939,Societe_000667,AUTRES_SECTEURS,AUTRES_ACTIVITES,LOW_RISK,"['INCENDIE RISQUES SIMPLE', 'RC ENTREPRISE DE BATIMENT ET TRAVAUX PUBLIC']",2,36.46555018601809,Small Business,14731.1312,158980.0,22096.696799999998
592085,Societe_000539,SERVICES_ET_CONSEIL,SERVICES_ET_CONSEIL,LOW_RISK,"['INCENDIE RISQUES SIMPLE', 'RC ENTREPRISE DE BATIMENT ET TRAVAUX PUBLIC']",2,35.279090171577984,Small Business,296564.001,61250.0,444846.0015
592787,Societe_000662,SERVICES_ET_CONSEIL,SERVICES_ET_CONSEIL,LOW_RISK,"['INCENDIE RISQUES SIMPLE', 'RC ENTREPRISE DE BATIMENT ET TRAVAUX PUBLIC']",2,48.146610744891035,Small Business,3293.898,250000.0,4940.847
593001,Societe_000482,AUTRES_SECTEURS,AUTRES_ACTIVITES,LOW_RISK,"['INCENDIE RISQUES SIMPLE', 'RC ENTREPRISE DE BATIMENT ET TRAVAUX PUBLIC']",2,12.333904936594015,Startup,9693.7554,109500.6,14540.6331
593026,Societe_000477,AUTRES_SECTEURS,PRODUCTION_ET_FABRICATION,LOW_RISK,"['PERTES D EXPLOITATION APRES  INCENDIE', 'INCENDIE RISQUES SIMPLE']",2,48.61189085474105,Small Business,432838.542,33411405.0,649257.8130000001
593029,Societe_000478,HOTELLERIE_ET_TOURISME,AUTRES_ACTIVITES,LOW_RISK,['PERTES D EXPLOITATION APRES  INCENDIE'],1,33.56642287643963,Small Business,94475.834,15681600.0,141713.751
593142,Societe_000663,SERVICES_ET_CONSEIL,AUTRES_ACTIVITES,LOW_RISK,"['INCENDIE RISQUES SIMPLE', 'RC ENTREPRISE DE BATIMENT ET TRAVAUX PUBLIC']",2,27.109823338825574,Startup,15117.447400000001,228430.0,22676.1711
661920,Societe_000747,INDUSTRIE_ET_CONSTRUCTION,PRODUCTION_ET_FABRICATION,HIGH_RISK,['BRIS DE MACHINES'],1,47.380455950183304,Small Business,47251.942299999995,3212241.899,70877.91345
785626,Societe_000479,SERVICES_ET_CONSEIL,AUTRES_ACTIVITES,LOW_RISK,"['PERTES D EXPLOITATION APRES  INCENDIE', 'INCENDIE RISQUES SIMPLE']",2,4.3680108694524575,Startup,98650.0,3000000.0,147975.0
